,sweet,vanilla,smokey,chacho,sherry,cereals,fruit,spices,green,Old,flower,smooth,alcohol,rough,balance,salty
0,0.05555555555555555,0.1111111111111111,0.16666666666666666,0.05555555555555555,0.0,0.05555555555555555,0.16666666666666666,0.1111111111111111,0.0,0.0,0.0,0.2777777777777778,0.0,0.0,0.0,0.0
1,0.17372881355932204,0.00847457627118644,0.08898305084745763,0.012711864406779662,0.00423728813559322,0.038135593220338986,0.211864406779661,0.029661016949152543,0.04025423728813559,0.012711864406779662,0.04449152542372881,0.2309322033898305,0.0614406779661017,0.023305084745762712,0.01694915254237288,0.00211864406779661
2,0.0,0.0,0.0,0.0,0.0,0.0,0.0,0.0,0.0,0.0,0.0,0.0,0.0,0.0,0.0,0.0
3,0.0,0.0,0.0,0.0,0.0,0.0,0.0,0.0,0.0,0.0,0.0,0.0,0.0,0.0,0.0,0.0
4,0.04283054003724395,0.035381750465549346,0.5810055865921788,0.020484171322160148,0.020484171322160148,0.00558659217877095,0.0223463687150838,0.03910614525139665,0.0037243947858473,0.0111731843575419,0.00186219739292365,0.0931098696461825,0.054003724394785846,0.0074487895716946,0.020484171322160148,0.040968342644320296
5,0.0,0.0,0.0,0.0,0.0,0.0,0.0,0.0,0.0,0.0,0.0,0.0,0.0,0.0,0.0,0.0
6,0.0,0.0,0.0,0.0,0.0,0.0,0.0,0.0,0.0,0.0,0.0,0.0,0.0,0.0,0.0,0.0
7,0.10833333333333334,0.016666666666666666,0.15,0.09166666666666666,0.0,0.016666666666666666,0.18333333333333332,0.15833333333333333,0.0,0.016666666666666666,0.0,0.10833333333333334,0.05,0.03333333333333333,0.06666666666666667,0.0
8,0.0421455938697318,0.03065134099616858,0.6513409961685823,0.019157088122605363,0.007662835249042145,0.007662835249042145,0.05363984674329502,0.022988505747126436,0.007662835249042145,0.011494252873563218,0.0,0.06130268199233716,0.01532567049808429,0.0038314176245210726,0.038314176245210725,0.02681992337164751
9,0.09375,0.046875,0.36328125,0.0078125,0.00390625,0.015625,0.0859375,0.02734375,0.0,0.015625,0.01953125,0.171875,0.015625,0.015625,0.0546875,0.0625
10,0.06722689075630252,0.0546218487394958,0.10504201680672269,0.012605042016806723,0.0,0.012605042016806723,0.2689075630252101,0.046218487394957986,0.0,0.03361344537815126,0.025210084033613446,0.25210084033613445,0.08403361344537816,0.01680672268907563,0.01680672268907563,0.004201680672268907
11,0.08823529411764706,0.13970588235294118,0.08823529411764706,0.014705882352941176,0.0,0.058823529411764705,0.1323529411764706,0.0661764705882353,0.0,0.058823529411764705,0.007352941176470588,0.27941176470588236,0.04411764705882353,0.0,0.022058823529411766,0.0
12,0.04,0.01,0.64,0.01,0.0,0.02,0.01,0.04,0.01,0.01,0.0,0.03,0.1,0.04,0.0,0.04
13,0.0975609756097561,0.036585365853658534,0.036585365853658534,0.04878048780487805,0.012195121951219513,0.0,0.2682926829268293,0.15853658536585366,0.024390243902439025,0.036585365853658534,0.0,0.18292682926829268,0.06097560975609756,0.012195121951219513,0.024390243902439025,0.0
14,0.058823529411764705,0.0,0.4117647058823529,0.0,0.17647058823529413,0.0,0.058823529411764705,0.0,0.0,0.11764705882352941,0.0,0.0,0.0,0.058823529411764705,0.058823529411764705,0.058823529411764705
15,0.17699115044247787,0.07964601769911504,0.3893805309734513,0.008849557522123894,0.008849557522123894,0.05309734513274336,0.07079646017699115,0.02654867256637168,0.008849557522123894,0.02654867256637168,0.0,0.04424778761061947,0.05309734513274336,0.008849557522123894,0.02654867256637168,0.017699115044247787
16,0.14545454545454545,0.01818181818181818,0.06363636363636363,0.1,0.09090909090909091,0.0,0.11818181818181818,0.06363636363636363,0.02727272727272727,0.06363636363636363,0.01818181818181818,0.2,0.06363636363636363,0.00909090909090909,0.01818181818181818,0.0
17,0.08196721311475409,0.03278688524590164,0.0,0.08196721311475409,0.06557377049180328,0.03278688524590164,0.19672131147540983,0.13114754098360656,0.0,0.0,0.0,0.32786885245901637,0.0,0.0,0.04918032786885246,0.0
18,0.15789473684210525,0.0,0.07894736842105263,0.10526315789473684,0.2631578947368421,0.0,0.10526315789473684,0.0,0.0,0.05263157894736842,0.0,0.10526315789473684,0.10526315789473684,0.02631578947368421,0.0,0.0
19,0.02631578947368421,0.02631578947368421,0.5,0.0,0.02631578947368421,0.0,0.05263157894736842,0.10526315789473684,0.05263157894736842,0.07894736842105263,0.0,0.05263157894736842,0.02631578947368421,0.02631578947368421,0.02631578947368421,0.0
20,0.07692307692307693,0.07692307692307693,0.15384615384615385,0.0,0.0,0.07692307692307693,0.23076923076923078,0.0,0.0,0.07692307692307693,0.0,0.15384615384615385,0.15384615384615385,0.0,0.0,0.0
21,0.058823529411764705,0.0,0.17647058823529413,0.058823529411764705,0.11764705882352941,0.0,0.29411764705882354,0.058823529411764705,0.058823529411764705,0.11764705882352941,0.0,0.0,0.0,0.0,0.0,0.058823529411764705
22,0.2631578947368421,0.05263157894736842,0.05263157894736842,0.0,0.05263157894736842,0.05263157894736842,0.0,0.15789473684210525,0.0,0.05263157894736842,0.0,0.21052631578947367,0.10526315789473684,0.0,0.0,0.0
23,0.2,0.0,0.4,0.0,0.0,0.0,0.2,0.0,0.0,0.0,0.0,0.0,0.2,0.0,0.0,0.0
24,0.2608695652173913,0.0,0.2608695652173913,0.0,0.0,0.0,0.17391304347826086,0.043478260869565216,0.0,0.0,0.0,0.13043478260869565,0.043478260869565216,0.0,0.08695652173913043,0.0
25,0.0,0.0,0.75,0.0,0.0,0.0,0.0,0.0,0.0,0.0,0.0,0.0,0.0,0.0,0.25,0.0
26,0.0,0.0,0.0,0.3,0.0,0.0,0.3,0.1,0.0,0.1,0.1,0.0,0.0,0.1,0.0,0.0
27,0.046296296296296294,0.009259259259259259,0.5185185185185185,0.10185185185185185,0.009259259259259259,0.0,0.027777777777777776,0.037037037037037035,0.046296296296296294,0.037037037037037035,0.009259259259259259,0.037037037037037035,0.06481481481481481,0.0,0.009259259259259259,0.046296296296296294
28,0.0,0.0,0.0,0.0,0.0,0.0,0.0,0.0,0.0,0.0,0.0,0.0,0.0,0.0,0.0,0.0
29,0.0,0.0,0.0,0.0,0.0,0.0,0.0,0.0,0.0,0.0,0.0,0.0,0.0,0.0,0.0,0.0
30,0.0,0.0,0.0,0.0,0.0,0.0,0.0,0.0,0.0,0.0,0.0,0.0,0.0,0.0,0.0,0.0
31,0.0,0.0,0.0,0.0,0.0,0.0,0.0,0.0,0.0,0.0,0.0,0.0,0.0,0.0,0.0,0.0
32,0.0,0.0,0.0,0.0,0.0,0.0,0.0,0.0,0.0,0.0,0.0,0.0,0.0,0.0,0.0,0.0
33,0.09659090909090909,0.05113636363636364,0.3352272727272727,0.056818181818181816,0.045454545454545456,0.011363636363636364,0.09090909090909091,0.022727272727272728,0.0,0.022727272727272728,0.005681818181818182,0.10795454545454546,0.056818181818181816,0.022727272727272728,0.028409090909090908,0.045454545454545456
34,0.057692307692307696,0.038461538461538464,0.38461538461538464,0.057692307692307696,0.0,0.0,0.09615384615384616,0.15384615384615385,0.0,0.0,0.0,0.09615384615384616,0.057692307692307696,0.0,0.0,0.057692307692307696
35,0.3333333333333333,0.16666666666666666,0.0,0.0,0.0,0.16666666666666666,0.16666666666666666,0.0,0.0,0.0,0.0,0.16666666666666666,0.0,0.0,0.0,0.0
36,0.0,0.0,0.0,0.0,0.0,0.0,0.0,0.0,0.0,0.0,0.0,0.0,0.0,0.0,0.0,0.0
37,0.26666666666666666,0.2,0.0,0.0,0.0,0.0,0.06666666666666667,0.06666666666666667,0.0,0.13333333333333333,0.0,0.26666666666666666,0.0,0.0,0.0,0.0
38,0.1111111111111111,0.05555555555555555,0.05555555555555555,0.16666666666666666,0.16666666666666666,0.0,0.16666666666666666,0.05555555555555555,0.0,0.1111111111111111,0.0,0.05555555555555555,0.0,0.05555555555555555,0.0,0.0
39,0.10828025477707007,0.06369426751592357,0.3503184713375796,0.012738853503184714,0.0,0.012738853503184714,0.05732484076433121,0.07006369426751592,0.025477707006369428,0.044585987261146494,0.0,0.16560509554140126,0.05732484076433121,0.006369426751592357,0.025477707006369428,0.0
40,0.21212121212121213,0.09090909090909091,0.030303030303030304,0.06060606060606061,0.0,0.030303030303030304,0.18181818181818182,0.15151515151515152,0.09090909090909091,0.0,0.0,0.09090909090909091,0.0,0.06060606060606061,0.0,0.0
41,0.11764705882352941,0.058823529411764705,0.0196078431372549,0.0196078431372549,0.0784313725490196,0.0196078431372549,0.1568627450980392,0.09803921568627451,0.0,0.0,0.0392156862745098,0.3333333333333333,0.0196078431372549,0.0196078431372549,0.0196078431372549,0.0
42,0.18181818181818182,0.022727272727272728,0.022727272727272728,0.022727272727272728,0.045454545454545456,0.022727272727272728,0.20454545454545456,0.20454545454545456,0.0,0.0,0.0,0.2727272727272727,0.0,0.0,0.0,0.0
43,0.5,0.0,0.0,0.25,0.0,0.0,0.125,0.0,0.0,0.0,0.0,0.0,0.0,0.125,0.0,0.0
44,0.10294117647058823,0.04411764705882353,0.11764705882352941,0.03676470588235294,0.19117647058823528,0.007352941176470588,0.08823529411764706,0.04411764705882353,0.0,0.03676470588235294,0.007352941176470588,0.22794117647058823,0.0661764705882353,0.007352941176470588,0.022058823529411766,0.0
45,0.0,0.0,0.0,0.0,0.0,0.0,0.0,0.0,0.0,0.0,0.0,0.0,0.0,0.0,0.0,0.0
46,0.0,0.0,0.0,0.25,0.0,0.0,0.5,0.25,0.0,0.0,0.0,0.0,0.0,0.0,0.0,0.0
47,0.0,0.0,0.0,0.0,0.0,0.0,0.0,0.0,0.0,0.0,0.0,0.0,0.0,0.0,0.0,0.0
48,0.13333333333333333,0.0,0.0,0.0,0.0,0.06666666666666667,0.5333333333333333,0.0,0.0,0.06666666666666667,0.0,0.06666666666666667,0.06666666666666667,0.06666666666666667,0.0,0.0
49,0.0,0.0,0.0,0.0,0.0,0.0,0.0,0.0,0.0,0.0,0.0,0.0,0.0,0.0,0.0,0.0
50,0.0,0.0,0.0,0.0,0.0,0.0,0.0,0.0,0.0,0.0,0.0,0.0,0.0,0.0,0.0,0.0
51,0.0,0.0,0.0,0.0,0.0,0.0,0.0,0.0,0.0,0.0,0.0,0.0,0.0,0.0,0.0,0.0
52,0.11904761904761904,0.03571428571428571,0.011904761904761904,0.023809523809523808,0.023809523809523808,0.0,0.20238095238095238,0.11904761904761904,0.0,0.03571428571428571,0.023809523809523808,0.32142857142857145,0.011904761904761904,0.047619047619047616,0.011904761904761904,0.011904761904761904
53,0.02564102564102564,0.05128205128205128,0.05128205128205128,0.02564102564102564,0.05128205128205128,0.02564102564102564,0.10256410256410256,0.10256410256410256,0.02564102564102564,0.1794871794871795,0.0,0.15384615384615385,0.05128205128205128,0.07692307692307693,0.07692307692307693,0.0
54,0.0,0.0,0.0,0.0,0.0,0.0,0.0,0.0,0.0,0.0,0.0,0.0,0.0,0.0,0.0,0.0
55,0.1388888888888889,0.1111111111111111,0.16666666666666666,0.027777777777777776,0.0,0.027777777777777776,0.2222222222222222,0.08333333333333333,0.027777777777777776,0.0,0.0,0.1111111111111111,0.05555555555555555,0.0,0.027777777777777776,0.0
56,0.06629834254143646,0.016574585635359115,0.22099447513812154,0.06629834254143646,0.0055248618784530384,0.0055248618784530384,0.049723756906077346,0.022099447513812154,0.011049723756906077,0.03867403314917127,0.011049723756906077,0.425414364640884,0.016574585635359115,0.011049723756906077,0.03314917127071823,0.0
57,0.3333333333333333,0.0,0.16666666666666666,0.16666666666666666,0.16666666666666666,0.0,0.0,0.0,0.0,0.0,0.0,0.16666666666666666,0.0,0.0,0.0,0.0
58,0.0,0.0,0.375,0.05,0.075,0.0,0.05,0.05,0.0,0.025,0.0,0.125,0.05,0.025,0.125,0.05
59,0.0935672514619883,0.06432748538011696,0.07602339181286549,0.011695906432748537,0.06432748538011696,0.0,0.12280701754385964,0.14619883040935672,0.0,0.023391812865497075,0.0,0.2982456140350877,0.05263157894736842,0.017543859649122806,0.029239766081871343,0.0
60,0.4,0.0,0.0,0.0,0.4,0.0,0.0,0.2,0.0,0.0,0.0,0.0,0.0,0.0,0.0,0.0
61,0.0,0.0,0.0,0.0,0.0,0.0,0.0,0.0,0.0,0.0,0.0,0.0,0.0,0.0,0.0,0.0
62,0.14285714285714285,0.07142857142857142,0.0,0.0,0.0,0.07142857142857142,0.5714285714285714,0.07142857142857142,0.0,0.0,0.0,0.07142857142857142,0.0,0.0,0.0,0.0
63,0.14285714285714285,0.0,0.0,0.0,0.14285714285714285,0.0,0.42857142857142855,0.0,0.0,0.0,0.0,0.14285714285714285,0.14285714285714285,0.0,0.0,0.0
64,0.0,0.0,0.0,0.0,0.0,0.0,0.0,0.0,0.0,0.0,0.0,0.0,0.0,0.0,0.0,0.0
65,0.03676470588235294,0.022058823529411766,0.5294117647058824,0.03308823529411765,0.0,0.0,0.03676470588235294,0.1213235294117647,0.003676470588235294,0.029411764705882353,0.01838235294117647,0.06985294117647059,0.025735294117647058,0.003676470588235294,0.025735294117647058,0.04411764705882353
66,0.17714285714285713,0.05904761904761905,0.17142857142857143,0.022857142857142857,0.0,0.0019047619047619048,0.13904761904761906,0.05142857142857143,0.009523809523809525,0.01904761904761905,0.02857142857142857,0.2342857142857143,0.05142857142857143,0.022857142857142857,0.011428571428571429,0.0
67,0.0,0.0,0.0,0.0,0.0,0.0,0.0,0.0,0.0,0.0,0.0,0.0,0.0,0.0,0.0,0.0
68,0.0,0.0,0.0,0.0,0.0,0.0,0.0,0.0,0.0,0.0,0.0,0.0,0.0,0.0,0.0,0.0
69,0.10638297872340426,0.014184397163120567,0.475177304964539,0.014184397163120567,0.014184397163120567,0.0,0.07092198581560284,0.028368794326241134,0.0070921985815602835,0.028368794326241134,0.0070921985815602835,0.10638297872340426,0.05673758865248227,0.0,0.028368794326241134,0.0425531914893617
70,0.08,0.013333333333333334,0.21333333333333335,0.05333333333333334,0.12,0.013333333333333334,0.06666666666666667,0.06666666666666667,0.0,0.02666666666666667,0.0,0.16,0.013333333333333334,0.013333333333333334,0.04,0.12
71,0.06437768240343347,0.012875536480686695,0.6351931330472103,0.017167381974248927,0.004291845493562232,0.008583690987124463,0.012875536480686695,0.055793991416309016,0.004291845493562232,0.05150214592274678,0.0,0.060085836909871244,0.03862660944206009,0.004291845493562232,0.008583690987124463,0.02145922746781116
72,0.125,0.0,0.0,0.0625,0.0625,0.0,0.0625,0.125,0.0,0.0,0.0625,0.375,0.125,0.0,0.0,0.0
73,0.0,0.0,0.25,0.027777777777777776,0.0,0.027777777777777776,0.3333333333333333,0.027777777777777776,0.0,0.027777777777777776,0.0,0.25,0.027777777777777776,0.027777777777777776,0.0,0.0
74,0.034482758620689655,0.034482758620689655,0.034482758620689655,0.10344827586206896,0.1724137931034483,0.0,0.3103448275862069,0.0,0.0,0.034482758620689655,0.0,0.13793103448275862,0.06896551724137931,0.0,0.06896551724137931,0.0
75,0.1206896551724138,0.034482758620689655,0.25862068965517243,0.017241379310344827,0.0,0.0,0.15517241379310345,0.1206896551724138,0.017241379310344827,0.05172413793103448,0.0,0.1896551724137931,0.0,0.017241379310344827,0.017241379310344827,0.0
76,0.1111111111111111,0.0,0.1111111111111111,0.2222222222222222,0.0,0.0,0.1111111111111111,0.0,0.0,0.0,0.0,0.1111111111111111,0.1111111111111111,0.2222222222222222,0.0,0.0
77,0.125,0.0,0.0,0.0625,0.0,0.0,0.0625,0.25,0.0,0.0625,0.0,0.1875,0.125,0.125,0.0,0.0
78,0.15,0.0,0.2,0.05,0.0,0.0,0.15,0.1,0.15,0.0,0.05,0.05,0.0,0.05,0.0,0.05
79,0.125,0.0,0.0,0.125,0.0,0.25,0.25,0.125,0.0,0.0,0.0,0.125,0.0,0.0,0.0,0.0
80,0.0,0.0,0.0,0.14285714285714285,0.0,0.0,0.2857142857142857,0.14285714285714285,0.0,0.14285714285714285,0.0,0.0,0.14285714285714285,0.14285714285714285,0.0,0.0
81,0.0,0.0,0.0,0.0,0.0,0.0,0.0,0.0,0.0,0.0,0.0,0.0,0.0,0.0,0.0,0.0
82,0.25,0.125,0.125,0.0,0.0,0.0625,0.1875,0.0625,0.0,0.0,0.0625,0.0625,0.0625,0.0,0.0,0.0
83,0.09090909090909091,0.09090909090909091,0.0,0.18181818181818182,0.0,0.0,0.2727272727272727,0.36363636363636365,0.0,0.0,0.0,0.0,0.0,0.0,0.0,0.0
84,0.0625,0.0625,0.1875,0.15625,0.03125,0.0,0.1875,0.125,0.0,0.03125,0.0,0.125,0.03125,0.0,0.0,0.0
85,0.0,0.0,0.0,0.0,0.0,0.0,0.0,0.0,0.0,0.0,0.0,0.0,0.0,0.0,0.0,0.0
86,0.0,0.0,0.0,0.0,0.0,0.0,0.0,0.0,0.0,0.0,0.0,0.0,0.0,0.0,0.0,0.0
87,0.25,0.25,0.0,0.0,0.0,0.0,0.0,0.25,0.0,0.0,0.0,0.25,0.0,0.0,0.0,0.0
88,0.1111111111111111,0.1111111111111111,0.16666666666666666,0.0,0.08333333333333333,0.027777777777777776,0.19444444444444445,0.08333333333333333,0.0,0.05555555555555555,0.0,0.1111111111111111,0.0,0.0,0.05555555555555555,0.0
89,0.0,0.0,0.0,0.0,0.0,0.0,0.0,0.0,0.0,0.0,0.0,0.0,0.0,0.0,0.0,0.0
90,0.0,0.14285714285714285,0.2857142857142857,0.0,0.0,0.0,0.2857142857142857,0.14285714285714285,0.0,0.0,0.0,0.14285714285714285,0.0,0.0,0.0,0.0
91,0.0,0.0,0.0,0.0,0.0,0.0,0.0,0.0,0.0,0.0,0.0,0.0,0.0,0.0,0.0,0.0
92,0.0,0.0,0.0,0.0,0.0,0.0,0.0,0.0,0.0,0.0,0.0,0.0,0.0,0.0,0.0,0.0
93,0.04316546762589928,0.02158273381294964,0.6834532374100719,0.007194244604316547,0.0,0.0,0.03597122302158273,0.02158273381294964,0.0,0.014388489208633094,0.0,0.06474820143884892,0.06474820143884892,0.0,0.0,0.04316546762589928
94,0.045454545454545456,0.09090909090909091,0.045454545454545456,0.18181818181818182,0.0,0.045454545454545456,0.22727272727272727,0.13636363636363635,0.0,0.09090909090909091,0.0,0.045454545454545456,0.0,0.09090909090909091,0.0,0.0
95,0.0,0.0,0.0,0.0,0.0,0.0,0.0,0.0,0.0,0.0,0.0,0.0,0.0,0.0,0.0,0.0
96,0.0,0.0,0.0,0.0,0.0,0.0,0.0,0.0,0.0,0.0,0.0,0.0,0.0,0.0,0.0,0.0
97,0.1111111111111111,0.0,0.1111111111111111,0.0,0.0,0.1111111111111111,0.2222222222222222,0.1111111111111111,0.1111111111111111,0.0,0.0,0.0,0.1111111111111111,0.0,0.1111111111111111,0.0
98,0.03672316384180791,0.022598870056497175,0.655367231638418,0.01977401129943503,0.0,0.002824858757062147,0.01977401129943503,0.03389830508474576,0.005649717514124294,0.031073446327683617,0.0,0.0480225988700565,0.03389830508474576,0.011299435028248588,0.011299435028248588,0.06779661016949153
99,0.16666666666666666,0.07142857142857142,0.3333333333333333,0.047619047619047616,0.0,0.0,0.047619047619047616,0.047619047619047616,0.0,0.023809523809523808,0.023809523809523808,0.047619047619047616,0.0,0.023809523809523808,0.16666666666666666,0.0
100,0.05555555555555555,0.0,0.2222222222222222,0.2222222222222222,0.0,0.0,0.1111111111111111,0.05555555555555555,0.05555555555555555,0.0,0.05555555555555555,0.0,0.05555555555555555,0.1111111111111111,0.0,0.05555555555555555
101,0.0,0.0,0.20833333333333334,0.0,0.125,0.0,0.2916666666666667,0.20833333333333334,0.0,0.041666666666666664,0.0,0.08333333333333333,0.0,0.0,0.041666666666666664,0.0
102,0.0,0.0,0.0,0.0,0.0,0.0,0.0,0.0,0.0,0.0,0.0,0.0,0.0,0.0,0.0,0.0
103,0.0,0.0,0.14285714285714285,0.0,0.07142857142857142,0.0,0.21428571428571427,0.14285714285714285,0.0,0.35714285714285715,0.0,0.0,0.0,0.0,0.07142857142857142,0.0
104,0.0,0.0,0.0,0.0,0.0,0.0,0.0,0.0,0.0,0.0,0.0,0.0,0.0,0.0,0.0,0.0
105,0.0,0.0,0.25,0.0,0.0,0.0,0.0,0.0,0.0,0.0,0.0,0.5,0.0,0.0,0.0,0.25
106,0.0,0.0,0.0,0.0,0.0,0.0,0.0,0.0,0.0,0.0,0.0,0.0,0.0,0.0,0.0,0.0
107,0.171875,0.03125,0.078125,0.015625,0.0,0.046875,0.015625,0.3125,0.0,0.03125,0.015625,0.125,0.09375,0.0,0.03125,0.03125
108,0.3333333333333333,0.0,0.0,0.3333333333333333,0.0,0.0,0.0,0.0,0.0,0.0,0.0,0.16666666666666666,0.16666666666666666,0.0,0.0,0.0
109,0.1,0.05,0.05,0.05,0.0,0.0,0.3,0.25,0.0,0.05,0.0,0.05,0.05,0.0,0.05,0.0
110,0.0,0.0,0.0,0.0,0.0,0.0,0.0,0.0,0.0,0.0,0.0,0.0,0.0,0.0,0.0,0.0
111,0.0,0.0,0.0,0.0,0.0,0.0,0.0,0.0,0.0,0.0,0.0,0.0,0.0,0.0,0.0,0.0
112,0.0,0.0,0.0,0.0,0.0,0.0,0.2857142857142857,0.5714285714285714,0.0,0.0,0.0,0.14285714285714285,0.0,0.0,0.0,0.0
113,0.16666666666666666,0.0,0.16666666666666666,0.0,0.16666666666666666,0.0,0.0,0.16666666666666666,0.16666666666666666,0.16666666666666666,0.0,0.0,0.0,0.0,0.0,0.0
114,0.25,0.0,0.0,0.0,0.25,0.0,0.25,0.0,0.0,0.25,0.0,0.0,0.0,0.0,0.0,0.0
115,0.0,0.0,0.0,0.1111111111111111,0.1111111111111111,0.0,0.2222222222222222,0.2222222222222222,0.0,0.0,0.0,0.2222222222222222,0.1111111111111111,0.0,0.0,0.0
116,0.058823529411764705,0.08823529411764706,0.3235294117647059,0.0,0.0,0.0,0.08823529411764706,0.20588235294117646,0.0,0.029411764705882353,0.029411764705882353,0.0,0.0,0.08823529411764706,0.0,0.08823529411764706
117,0.0,0.0,0.4,0.0,0.0,0.0,0.0,0.1,0.2,0.2,0.0,0.1,0.0,0.0,0.0,0.0
118,0.0,0.0,0.5416666666666666,0.041666666666666664,0.0,0.0,0.0,0.20833333333333334,0.0,0.0,0.0,0.0,0.041666666666666664,0.08333333333333333,0.0,0.08333333333333333
119,0.0,0.0,0.0,0.6,0.2,0.0,0.0,0.0,0.0,0.0,0.0,0.2,0.0,0.0,0.0,0.0
120,0.14,0.04,0.16,0.08,0.26,0.0,0.16,0.02,0.0,0.02,0.0,0.08,0.02,0.0,0.02,0.0
121,0.058823529411764705,0.23529411764705882,0.0,0.11764705882352941,0.0,0.058823529411764705,0.23529411764705882,0.11764705882352941,0.0,0.11764705882352941,0.0,0.058823529411764705,0.0,0.0,0.0,0.0
122,0.0,0.09090909090909091,0.2727272727272727,0.09090909090909091,0.0,0.0,0.09090909090909091,0.18181818181818182,0.0,0.0,0.0,0.18181818181818182,0.0,0.0,0.0,0.09090909090909091
123,0.0,0.0,0.0,0.0,0.0,0.0,0.0,0.0,0.0,0.0,0.0,0.0,0.0,0.0,0.0,0.0
124,0.3333333333333333,0.0,0.3333333333333333,0.16666666666666666,0.0,0.16666666666666666,0.0,0.0,0.0,0.0,0.0,0.0,0.0,0.0,0.0,0.0
125,0.23076923076923078,0.07692307692307693,0.0,0.07692307692307693,0.0,0.15384615384615385,0.07692307692307693,0.07692307692307693,0.15384615384615385,0.0,0.07692307692307693,0.07692307692307693,0.0,0.0,0.0,0.0
126,0.20652173913043478,0.043478260869565216,0.11956521739130435,0.010869565217391304,0.010869565217391304,0.021739130434782608,0.16304347826086957,0.13043478260869565,0.0,0.021739130434782608,0.0,0.20652173913043478,0.03260869565217391,0.010869565217391304,0.021739130434782608,0.0
127,0.15966386554621848,0.03361344537815126,0.058823529411764705,0.025210084033613446,0.0,0.008403361344537815,0.14285714285714285,0.11764705882352941,0.0,0.05042016806722689,0.01680672268907563,0.10084033613445378,0.04201680672268908,0.008403361344537815,0.05042016806722689,0.18487394957983194
128,0.10619469026548672,0.02654867256637168,0.07964601769911504,0.05309734513274336,0.035398230088495575,0.008849557522123894,0.19469026548672566,0.08849557522123894,0.035398230088495575,0.08849557522123894,0.008849557522123894,0.21238938053097345,0.02654867256637168,0.017699115044247787,0.017699115044247787,0.0
129,0.15384615384615385,0.02564102564102564,0.07692307692307693,0.0,0.02564102564102564,0.0,0.1794871794871795,0.10256410256410256,0.02564102564102564,0.05128205128205128,0.0,0.28205128205128205,0.02564102564102564,0.0,0.05128205128205128,0.0
130,0.0,0.0,0.0,0.0,0.0,0.0,0.0,0.0,0.0,0.0,0.0,0.0,0.0,0.0,0.0,0.0
131,0.08,0.02,0.04,0.24666666666666667,0.006666666666666667,0.0,0.22666666666666666,0.09333333333333334,0.0,0.02,0.0,0.16666666666666666,0.06,0.006666666666666667,0.03333333333333333,0.0
132,0.25,0.0,0.25,0.0,0.0,0.125,0.0,0.25,0.0,0.0,0.0,0.125,0.0,0.0,0.0,0.0
133,0.13953488372093023,0.01744186046511628,0.14534883720930233,0.040697674418604654,0.06395348837209303,0.0,0.0755813953488372,0.046511627906976744,0.005813953488372093,0.011627906976744186,0.011627906976744186,0.3488372093023256,0.06395348837209303,0.011627906976744186,0.01744186046511628,0.0
134,0.0,0.0,0.0,0.0,0.0,0.0,0.0,0.0,0.0,0.0,0.0,0.0,0.0,0.0,0.0,0.0
135,0.2,0.0,0.1,0.1,0.0,0.0,0.4,0.0,0.0,0.0,0.0,0.0,0.0,0.1,0.1,0.0
136,0.11320754716981132,0.07547169811320754,0.11320754716981132,0.03773584905660377,0.07547169811320754,0.018867924528301886,0.1509433962264151,0.05660377358490566,0.0,0.03773584905660377,0.0,0.20754716981132076,0.11320754716981132,0.0,0.0,0.0
137,0.08,0.12,0.12,0.08,0.16,0.0,0.12,0.04,0.0,0.04,0.0,0.16,0.0,0.0,0.08,0.0
138,0.45454545454545453,0.09090909090909091,0.0,0.09090909090909091,0.0,0.0,0.09090909090909091,0.18181818181818182,0.0,0.0,0.09090909090909091,0.0,0.0,0.0,0.0,0.0
139,0.0,0.0,0.0,0.0,0.0,0.0,0.0,0.0,0.0,0.0,0.0,0.0,0.0,0.0,0.0,0.0
140,0.0,0.0,0.0,0.0,0.0,0.0,0.0,0.0,0.0,0.0,0.0,0.0,0.0,0.0,0.0,0.0
141,0.08,0.05333333333333334,0.2,0.013333333333333334,0.04,0.0,0.13333333333333333,0.16,0.0,0.013333333333333334,0.0,0.30666666666666664,0.0,0.0,0.0,0.0
142,0.0,0.0,0.0,0.0,0.0,0.0,0.0,0.0,0.0,0.0,0.0,0.0,0.0,0.0,0.0,0.0
143,0.05263157894736842,0.010526315789473684,0.5052631578947369,0.010526315789473684,0.0,0.010526315789473684,0.06315789473684211,0.11578947368421053,0.010526315789473684,0.010526315789473684,0.0,0.07368421052631578,0.031578947368421054,0.021052631578947368,0.042105263157894736,0.042105263157894736
144,0.12790697674418605,0.07364341085271318,0.06589147286821706,0.015503875968992248,0.0,0.007751937984496124,0.1434108527131783,0.09302325581395349,0.007751937984496124,0.046511627906976744,0.015503875968992248,0.32558139534883723,0.050387596899224806,0.007751937984496124,0.015503875968992248,0.003875968992248062
145,0.15384615384615385,0.07692307692307693,0.07692307692307693,0.0,0.0,0.0,0.23076923076923078,0.23076923076923078,0.0,0.07692307692307693,0.0,0.15384615384615385,0.0,0.0,0.0,0.0
146,0.0,0.0,0.0,0.0,0.0,0.0,0.0,0.0,0.0,0.0,0.0,0.0,0.0,0.0,0.0,0.0
147,0.08163265306122448,0.04081632653061224,0.08163265306122448,0.08163265306122448,0.02040816326530612,0.04081632653061224,0.22448979591836735,0.12244897959183673,0.0,0.08163265306122448,0.0,0.16326530612244897,0.02040816326530612,0.0,0.04081632653061224,0.0
148,0.1875,0.0,0.0,0.1875,0.0,0.0,0.375,0.0,0.0625,0.0,0.0,0.0625,0.0625,0.0625,0.0,0.0
149,0.2222222222222222,0.16666666666666666,0.0,0.0,0.0,0.0,0.16666666666666666,0.1111111111111111,0.0,0.05555555555555555,0.05555555555555555,0.2222222222222222,0.0,0.0,0.0,0.0
150,0.08333333333333333,0.08333333333333333,0.08333333333333333,0.0,0.0,0.0,0.3333333333333333,0.16666666666666666,0.0,0.0,0.08333333333333333,0.16666666666666666,0.0,0.0,0.0,0.0
151,0.2222222222222222,0.0,0.0,0.0,0.1111111111111111,0.0,0.1111111111111111,0.2222222222222222,0.0,0.1111111111111111,0.0,0.1111111111111111,0.0,0.0,0.0,0.1111111111111111
152,0.13333333333333333,0.13333333333333333,0.06666666666666667,0.0,0.0,0.0,0.26666666666666666,0.06666666666666667,0.0,0.13333333333333333,0.0,0.06666666666666667,0.06666666666666667,0.06666666666666667,0.0,0.0
153,0.04081632653061224,0.0,0.6326530612244898,0.02040816326530612,0.0,0.0,0.04081632653061224,0.16326530612244897,0.0,0.02040816326530612,0.0,0.0,0.061224489795918366,0.02040816326530612,0.0,0.0
154,0.0684931506849315,0.0273972602739726,0.0821917808219178,0.1917808219178082,0.0,0.0,0.2191780821917808,0.0821917808219178,0.0136986301369863,0.0273972602739726,0.0136986301369863,0.1780821917808219,0.0821917808219178,0.0,0.0136986301369863,0.0
155,0.147239263803681,0.018404907975460124,0.147239263803681,0.2883435582822086,0.06134969325153374,0.0,0.09202453987730061,0.024539877300613498,0.006134969325153374,0.012269938650306749,0.0,0.11042944785276074,0.06134969325153374,0.012269938650306749,0.012269938650306749,0.006134969325153374
156,0.08928571428571429,0.03571428571428571,0.03571428571428571,0.35714285714285715,0.0,0.0,0.19642857142857142,0.14285714285714285,0.0,0.017857142857142856,0.0,0.07142857142857142,0.03571428571428571,0.0,0.017857142857142856,0.0
157,0.0,0.0,0.13333333333333333,0.06666666666666667,0.13333333333333333,0.0,0.26666666666666666,0.13333333333333333,0.0,0.2,0.0,0.06666666666666667,0.0,0.0,0.0,0.0
158,0.125,0.09375,0.28125,0.03125,0.0,0.0,0.125,0.0625,0.0,0.03125,0.0625,0.15625,0.0,0.0,0.03125,0.0
159,0.0,0.0,0.0,0.0,0.0,0.0,0.0,0.0,0.0,0.0,0.0,0.0,0.0,0.0,0.0,0.0
160,0.0,0.0,0.0,0.0,0.0,0.0,0.0,0.0,0.0,0.0,0.0,0.0,0.0,0.0,0.0,0.0
161,0.2,0.1,0.0,0.4,0.0,0.1,0.1,0.1,0.0,0.0,0.0,0.0,0.0,0.0,0.0,0.0
162,0.0635593220338983,0.012711864406779662,0.4872881355932203,0.0,0.0,0.0,0.046610169491525424,0.08898305084745763,0.0,0.012711864406779662,0.00847457627118644,0.059322033898305086,0.046610169491525424,0.01694915254237288,0.046610169491525424,0.11016949152542373
163,0.0,0.0,0.0,0.0,0.0,0.0,0.0,0.0,0.0,0.0,0.0,0.0,0.0,0.0,0.0,0.0
164,0.0,0.0,0.0,0.0,0.0,0.0,0.0,0.0,0.0,0.0,0.0,0.0,0.0,0.0,0.0,0.0
165,0.16666666666666666,0.16666666666666666,0.0,0.0,0.0,0.16666666666666666,0.16666666666666666,0.16666666666666666,0.0,0.0,0.0,0.0,0.0,0.16666666666666666,0.0,0.0
166,0.09090909090909091,0.0,0.030303030303030304,0.15151515151515152,0.06060606060606061,0.030303030303030304,0.12121212121212122,0.06060606060606061,0.030303030303030304,0.030303030303030304,0.030303030303030304,0.21212121212121213,0.0,0.0,0.15151515151515152,0.0
167,0.125,0.25,0.0,0.0,0.0,0.0625,0.1875,0.0625,0.0625,0.0,0.0625,0.125,0.0625,0.0,0.0,0.0
168,0.09090909090909091,0.0,0.2727272727272727,0.0,0.0,0.0,0.09090909090909091,0.09090909090909091,0.0,0.0,0.0,0.18181818181818182,0.0,0.0,0.0,0.2727272727272727
169,0.6666666666666666,0.0,0.0,0.0,0.0,0.0,0.0,0.0,0.0,0.0,0.3333333333333333,0.0,0.0,0.0,0.0,0.0
170,0.0,0.0,0.0,0.0,0.0,0.0,0.0,0.0,0.0,0.0,0.0,0.0,0.0,0.0,0.0,0.0
171,0.0,0.10526315789473684,0.21052631578947367,0.15789473684210525,0.0,0.0,0.21052631578947367,0.05263157894736842,0.0,0.10526315789473684,0.0,0.15789473684210525,0.0,0.0,0.0,0.0
172,0.08203125,0.0078125,0.484375,0.0390625,0.04296875,0.0,0.04296875,0.05078125,0.015625,0.02734375,0.0,0.05859375,0.05078125,0.00390625,0.0390625,0.0546875
173,0.0,0.0,0.0,0.0,0.0,0.0,0.0,0.0,0.0,0.0,0.0,0.0,0.0,0.0,0.0,0.0
174,0.16666666666666666,0.0,0.0,0.16666666666666666,0.0,0.16666666666666666,0.3333333333333333,0.16666666666666666,0.0,0.0,0.0,0.0,0.0,0.0,0.0,0.0
175,0.1111111111111111,0.05555555555555555,0.2777777777777778,0.05555555555555555,0.0,0.0,0.1111111111111111,0.0,0.0,0.05555555555555555,0.05555555555555555,0.2222222222222222,0.0,0.05555555555555555,0.0,0.0
176,0.08,0.02,0.42,0.02,0.0,0.0,0.08,0.08,0.0,0.02,0.0,0.12,0.04,0.02,0.06,0.04
177,0.18181818181818182,0.0,0.0,0.18181818181818182,0.18181818181818182,0.0,0.2727272727272727,0.0,0.0,0.0,0.0,0.18181818181818182,0.0,0.0,0.0,0.0
178,0.16666666666666666,0.0,0.0,0.3333333333333333,0.0,0.0,0.08333333333333333,0.0,0.0,0.0,0.0,0.16666666666666666,0.25,0.0,0.0,0.0
179,0.2222222222222222,0.0,0.0,0.0,0.0,0.2222222222222222,0.1111111111111111,0.1111111111111111,0.0,0.0,0.0,0.1111111111111111,0.0,0.2222222222222222,0.0,0.0
180,0.09523809523809523,0.0,0.0,0.09523809523809523,0.0,0.0,0.47619047619047616,0.14285714285714285,0.09523809523809523,0.0,0.0,0.0,0.0,0.0,0.0,0.09523809523809523
181,0.0,0.0,0.0,0.0,0.0,0.0,0.0,0.0,0.0,0.0,0.0,0.0,0.0,0.0,0.0,0.0
182,0.0,0.0,0.0,0.0,0.0,0.0,0.0,0.0,0.0,0.0,0.0,0.0,0.0,0.0,0.0,0.0
183,0.0,0.1,0.2,0.1,0.0,0.1,0.2,0.0,0.0,0.2,0.0,0.0,0.1,0.0,0.0,0.0
184,0.2222222222222222,0.0,0.1111111111111111,0.0,0.0,0.0,0.1111111111111111,0.0,0.0,0.0,0.0,0.4444444444444444,0.1111111111111111,0.0,0.0,0.0
185,0.13636363636363635,0.045454545454545456,0.45454545454545453,0.09090909090909091,0.045454545454545456,0.045454545454545456,0.0,0.0,0.0,0.0,0.0,0.13636363636363635,0.0,0.0,0.0,0.045454545454545456
186,0.0,0.0,0.0,0.0,0.0,0.0,0.0,0.0,0.0,0.0,0.0,0.0,0.0,0.0,0.0,0.0
187,0.0,0.15,0.0,0.05,0.0,0.0,0.3,0.15,0.0,0.05,0.05,0.1,0.15,0.0,0.0,0.0
188,0.0,0.1111111111111111,0.0,0.1111111111111111,0.0,0.0,0.3333333333333333,0.1111111111111111,0.0,0.0,0.1111111111111111,0.1111111111111111,0.1111111111111111,0.0,0.0,0.0
189,0.2222222222222222,0.0,0.2222222222222222,0.1111111111111111,0.0,0.0,0.1111111111111111,0.0,0.1111111111111111,0.1111111111111111,0.0,0.0,0.0,0.0,0.0,0.1111111111111111
190,0.10227272727272728,0.07954545454545454,0.20454545454545456,0.0625,0.0,0.011363636363636364,0.1590909090909091,0.06818181818181818,0.0,0.005681818181818182,0.0,0.21022727272727273,0.056818181818181816,0.022727272727272728,0.005681818181818182,0.011363636363636364
191,0.0,0.2857142857142857,0.0,0.14285714285714285,0.0,0.14285714285714285,0.2857142857142857,0.14285714285714285,0.0,0.0,0.0,0.0,0.0,0.0,0.0,0.0
192,0.2,0.0,0.6,0.0,0.0,0.0,0.2,0.0,0.0,0.0,0.0,0.0,0.0,0.0,0.0,0.0
193,0.0,0.0,0.4,0.0,0.0,0.0,0.1,0.3,0.0,0.0,0.0,0.1,0.0,0.1,0.0,0.0
194,0.17391304347826086,0.08695652173913043,0.0,0.0,0.0,0.043478260869565216,0.08695652173913043,0.21739130434782608,0.0,0.043478260869565216,0.0,0.17391304347826086,0.13043478260869565,0.043478260869565216,0.0,0.0
195,0.25,0.0,0.375,0.125,0.0,0.0,0.25,0.0,0.0,0.0,0.0,0.0,0.0,0.0,0.0,0.0
196,0.0,0.0,0.0,0.0,0.0,0.0,0.0,0.0,0.0,0.0,0.0,0.0,0.0,0.0,0.0,0.0
197,0.08333333333333333,0.0,0.25,0.08333333333333333,0.08333333333333333,0.0,0.08333333333333333,0.16666666666666666,0.0,0.08333333333333333,0.0,0.08333333333333333,0.0,0.0,0.0,0.08333333333333333
198,0.044444444444444446,0.08888888888888889,0.022222222222222223,0.2,0.022222222222222223,0.0,0.06666666666666667,0.08888888888888889,0.0,0.13333333333333333,0.0,0.3333333333333333,0.0,0.0,0.0,0.0
199,0.1,0.1,0.0,0.1,0.1,0.0,0.0,0.2,0.0,0.0,0.0,0.3,0.1,0.0,0.0,0.0
200,0.0,0.0,0.0,0.0,0.0,0.0,0.0,0.0,0.0,0.0,0.0,0.0,0.0,0.0,0.0,0.0
201,0.0,0.0,0.09090909090909091,0.18181818181818182,0.09090909090909091,0.0,0.2727272727272727,0.09090909090909091,0.09090909090909091,0.0,0.0,0.09090909090909091,0.0,0.0,0.09090909090909091,0.0
202,0.0,0.0,0.0,0.0,0.0,0.0,0.0,0.0,0.0,0.0,0.0,0.0,0.0,0.0,0.0,0.0
203,0.07692307692307693,0.0,0.0,0.19230769230769232,0.0,0.0,0.2692307692307692,0.038461538461538464,0.0,0.0,0.0,0.23076923076923078,0.19230769230769232,0.0,0.0,0.0
204,0.15,0.0,0.1,0.1,0.05,0.0,0.15,0.0,0.1,0.05,0.0,0.1,0.0,0.0,0.0,0.2
205,0.0,0.16666666666666666,0.0,0.16666666666666666,0.0,0.16666666666666666,0.16666666666666666,0.16666666666666666,0.0,0.0,0.0,0.0,0.16666666666666666,0.0,0.0,0.0
206,0.0,0.0,0.0,0.0,0.0,0.0,0.0,0.0,0.0,0.0,0.0,0.0,0.0,0.0,0.0,0.0
207,0.0,0.2,0.0,0.0,0.2,0.2,0.0,0.0,0.0,0.0,0.0,0.2,0.0,0.2,0.0,0.0
208,0.1,0.0,0.0,0.0,0.0,0.0,0.5,0.0,0.1,0.1,0.1,0.0,0.0,0.0,0.0,0.1
209,0.42857142857142855,0.07142857142857142,0.0,0.0,0.0,0.0,0.14285714285714285,0.2857142857142857,0.0,0.0,0.0,0.07142857142857142,0.0,0.0,0.0,0.0
210,0.0,0.1111111111111111,0.1111111111111111,0.1111111111111111,0.0,0.1111111111111111,0.2222222222222222,0.1111111111111111,0.0,0.0,0.1111111111111111,0.1111111111111111,0.0,0.0,0.0,0.0
211,0.5,0.0,0.0,0.16666666666666666,0.0,0.0,0.3333333333333333,0.0,0.0,0.0,0.0,0.0,0.0,0.0,0.0,0.0
212,0.18181818181818182,0.18181818181818182,0.0,0.09090909090909091,0.09090909090909091,0.0,0.18181818181818182,0.18181818181818182,0.0,0.0,0.0,0.09090909090909091,0.0,0.0,0.0,0.0
213,0.12307692307692308,0.1076923076923077,0.09230769230769231,0.07692307692307693,0.09230769230769231,0.0,0.07692307692307693,0.1076923076923077,0.0,0.03076923076923077,0.015384615384615385,0.18461538461538463,0.07692307692307693,0.0,0.015384615384615385,0.0
214,0.041666666666666664,0.0,0.041666666666666664,0.125,0.20833333333333334,0.0,0.16666666666666666,0.16666666666666666,0.0,0.0,0.0,0.16666666666666666,0.041666666666666664,0.0,0.041666666666666664,0.0
215,0.0,0.0,0.0,0.0,0.0,0.0,0.0,0.0,0.0,0.0,0.0,0.0,0.0,0.0,0.0,0.0
216,0.125,0.0,0.5,0.0,0.0,0.0625,0.1875,0.0,0.0,0.0,0.0,0.0,0.125,0.0,0.0,0.0
217,0.1111111111111111,0.0,0.0,0.1111111111111111,0.0,0.0,0.4444444444444444,0.2222222222222222,0.0,0.0,0.0,0.0,0.0,0.1111111111111111,0.0,0.0
218,0.0,0.0,0.0,0.0,0.0,0.0,0.5,0.25,0.0,0.0,0.0,0.0,0.0,0.25,0.0,0.0
219,0.0,0.0,0.0,0.0,0.0,0.0,0.0,0.0,0.0,0.0,0.0,0.0,0.0,0.0,0.0,0.0
220,0.19047619047619047,0.0,0.0,0.047619047619047616,0.2857142857142857,0.0,0.14285714285714285,0.09523809523809523,0.0,0.09523809523809523,0.0,0.09523809523809523,0.047619047619047616,0.0,0.0,0.0
221,0.0,0.0,0.0,0.0,0.0,0.0,0.0,0.0,0.0,0.0,0.0,0.0,0.0,0.0,0.0,0.0
222,0.13,0.12,0.01,0.01,0.0,0.03,0.09,0.12,0.02,0.03,0.02,0.36,0.03,0.0,0.03,0.0
223,0.05714285714285714,0.014285714285714285,0.0,0.02857142857142857,0.0,0.3,0.04285714285714286,0.22857142857142856,0.0,0.02857142857142857,0.0,0.18571428571428572,0.08571428571428572,0.014285714285714285,0.014285714285714285,0.0
224,0.11711711711711711,0.018018018018018018,0.07207207207207207,0.02702702702702703,0.0,0.06306306306306306,0.23423423423423423,0.06306306306306306,0.018018018018018018,0.018018018018018018,0.009009009009009009,0.26126126126126126,0.04504504504504504,0.04504504504504504,0.0,0.009009009009009009
225,0.14285714285714285,0.14285714285714285,0.0,0.2857142857142857,0.0,0.0,0.14285714285714285,0.14285714285714285,0.0,0.0,0.0,0.14285714285714285,0.0,0.0,0.0,0.0
226,0.23529411764705882,0.029411764705882353,0.11764705882352941,0.0,0.029411764705882353,0.058823529411764705,0.08823529411764706,0.029411764705882353,0.0,0.029411764705882353,0.029411764705882353,0.23529411764705882,0.0,0.029411764705882353,0.08823529411764706,0.0
227,0.061946902654867256,0.07079646017699115,0.6106194690265486,0.017699115044247787,0.008849557522123894,0.0,0.02654867256637168,0.02654867256637168,0.008849557522123894,0.02654867256637168,0.008849557522123894,0.04424778761061947,0.061946902654867256,0.0,0.02654867256637168,0.0
228,0.05454545454545454,0.05454545454545454,0.00909090909090909,0.03636363636363636,0.0,0.00909090909090909,0.17272727272727273,0.07272727272727272,0.05454545454545454,0.05454545454545454,0.01818181818181818,0.37272727272727274,0.045454545454545456,0.02727272727272727,0.01818181818181818,0.0
229,0.12096774193548387,0.056451612903225805,0.1532258064516129,0.04032258064516129,0.0,0.0,0.024193548387096774,0.0967741935483871,0.008064516129032258,0.008064516129032258,0.0,0.4274193548387097,0.04032258064516129,0.008064516129032258,0.016129032258064516,0.0
230,0.08878504672897196,0.03271028037383177,0.616822429906542,0.04205607476635514,0.0,0.0,0.03271028037383177,0.0,0.0,0.014018691588785047,0.0,0.1261682242990654,0.03271028037383177,0.0,0.014018691588785047,0.0
231,0.07142857142857142,0.09523809523809523,0.0,0.0,0.0,0.0,0.21428571428571427,0.047619047619047616,0.0,0.07142857142857142,0.09523809523809523,0.2857142857142857,0.07142857142857142,0.023809523809523808,0.023809523809523808,0.0
232,0.2191780821917808,0.0410958904109589,0.0,0.0547945205479452,0.0,0.0136986301369863,0.1232876712328767,0.136986301369863,0.0136986301369863,0.0684931506849315,0.0,0.2602739726027397,0.0410958904109589,0.0273972602739726,0.0,0.0
233,0.2909090909090909,0.0,0.0,0.09090909090909091,0.0,0.05454545454545454,0.0,0.34545454545454546,0.01818181818181818,0.03636363636363636,0.0,0.07272727272727272,0.05454545454545454,0.01818181818181818,0.01818181818181818,0.0
234,0.05128205128205128,0.10256410256410256,0.03418803418803419,0.008547008547008548,0.03418803418803419,0.02564102564102564,0.13675213675213677,0.11965811965811966,0.008547008547008548,0.02564102564102564,0.0,0.3247863247863248,0.06837606837606838,0.017094017094017096,0.042735042735042736,0.0
235,0.0,0.0,0.0,0.21739130434782608,0.0,0.0,0.43478260869565216,0.08695652173913043,0.0,0.043478260869565216,0.0,0.08695652173913043,0.13043478260869565,0.0,0.0,0.0
236,0.1282051282051282,0.0,0.0,0.1282051282051282,0.02564102564102564,0.02564102564102564,0.20512820512820512,0.1794871794871795,0.02564102564102564,0.0,0.0,0.1794871794871795,0.02564102564102564,0.07692307692307693,0.0,0.0
237,0.07142857142857142,0.14285714285714285,0.0,0.07142857142857142,0.0,0.07142857142857142,0.07142857142857142,0.14285714285714285,0.0,0.0,0.14285714285714285,0.07142857142857142,0.07142857142857142,0.07142857142857142,0.0,0.07142857142857142
238,0.1111111111111111,0.1111111111111111,0.0,0.0,0.0,0.0,0.3333333333333333,0.0,0.0,0.0,0.1111111111111111,0.2222222222222222,0.0,0.1111111111111111,0.0,0.0
239,0.0821256038647343,0.004830917874396135,0.014492753623188406,0.0,0.0,0.3671497584541063,0.03864734299516908,0.1932367149758454,0.0,0.03864734299516908,0.0,0.178743961352657,0.0821256038647343,0.0,0.0,0.0
240,0.046242774566473986,0.028901734104046242,0.011560693641618497,0.017341040462427744,0.017341040462427744,0.023121387283236993,0.31213872832369943,0.08092485549132948,0.10404624277456648,0.046242774566473986,0.0,0.2658959537572254,0.03468208092485549,0.005780346820809248,0.005780346820809248,0.0
241,0.18032786885245902,0.00819672131147541,0.02459016393442623,0.04918032786885246,0.10655737704918032,0.01639344262295082,0.09016393442622951,0.19672131147540983,0.0,0.03278688524590164,0.0,0.23770491803278687,0.03278688524590164,0.00819672131147541,0.01639344262295082,0.0
242,0.18840579710144928,0.08985507246376812,0.02318840579710145,0.03188405797101449,0.0,0.017391304347826087,0.11014492753623188,0.1536231884057971,0.002898550724637681,0.034782608695652174,0.005797101449275362,0.2463768115942029,0.06666666666666667,0.017391304347826087,0.011594202898550725,0.0
243,0.12903225806451613,0.010752688172043012,0.010752688172043012,0.03225806451612903,0.010752688172043012,0.08602150537634409,0.3655913978494624,0.021505376344086023,0.0,0.043010752688172046,0.0,0.17204301075268819,0.06451612903225806,0.043010752688172046,0.010752688172043012,0.0
244,0.08695652173913043,0.043478260869565216,0.0,0.021739130434782608,0.0,0.10869565217391304,0.15217391304347827,0.17391304347826086,0.0,0.06521739130434782,0.0,0.2826086956521739,0.06521739130434782,0.0,0.0,0.0
245,0.13333333333333333,0.0,0.18666666666666668,0.0,0.0,0.0,0.26666666666666666,0.08,0.0,0.0,0.0,0.29333333333333333,0.013333333333333334,0.02666666666666667,0.0,0.0
246,0.1037037037037037,0.0962962962962963,0.0,0.08148148148148149,0.014814814814814815,0.007407407407407408,0.1259259259259259,0.0962962962962963,0.08888888888888889,0.037037037037037035,0.0,0.3111111111111111,0.037037037037037035,0.0,0.0,0.0
247,0.125,0.06818181818181818,0.07954545454545454,0.0,0.0,0.22727272727272727,0.022727272727272728,0.09090909090909091,0.0,0.045454545454545456,0.011363636363636364,0.20454545454545456,0.09090909090909091,0.011363636363636364,0.022727272727272728,0.0
248,0.13636363636363635,0.06818181818181818,0.0,0.011363636363636364,0.0,0.07954545454545454,0.06818181818181818,0.10227272727272728,0.0,0.011363636363636364,0.011363636363636364,0.375,0.06818181818181818,0.045454545454545456,0.022727272727272728,0.0
249,0.0,0.0,0.0,0.0,0.1,0.1,0.1,0.3,0.0,0.1,0.0,0.1,0.1,0.0,0.1,0.0
250,0.08791208791208792,0.02197802197802198,0.01098901098901099,0.08791208791208792,0.0,0.16483516483516483,0.06593406593406594,0.3626373626373626,0.03296703296703297,0.02197802197802198,0.0,0.12087912087912088,0.02197802197802198,0.0,0.0,0.0
251,0.14613180515759314,0.017191977077363897,0.03151862464183381,0.022922636103151862,0.0,0.014326647564469915,0.18911174785100288,0.09742120343839542,0.008595988538681949,0.0,0.034383954154727794,0.3667621776504298,0.03151862464183381,0.022922636103151862,0.011461318051575931,0.0057306590257879654
252,0.1111111111111111,0.2222222222222222,0.0,0.1111111111111111,0.0,0.0,0.3333333333333333,0.1111111111111111,0.0,0.0,0.0,0.1111111111111111,0.0,0.0,0.0,0.0
253,0.06896551724137931,0.10344827586206896,0.034482758620689655,0.10344827586206896,0.0,0.034482758620689655,0.2413793103448276,0.06896551724137931,0.0,0.0,0.10344827586206896,0.1724137931034483,0.0,0.034482758620689655,0.034482758620689655,0.0
254,0.10344827586206896,0.1724137931034483,0.034482758620689655,0.034482758620689655,0.0,0.034482758620689655,0.13793103448275862,0.034482758620689655,0.0,0.10344827586206896,0.0,0.27586206896551724,0.034482758620689655,0.034482758620689655,0.0,0.0
255,0.18373493975903615,0.12048192771084337,0.02108433734939759,0.0783132530120482,0.0,0.04819277108433735,0.09939759036144578,0.10542168674698796,0.0,0.018072289156626505,0.006024096385542169,0.24096385542168675,0.04819277108433735,0.012048192771084338,0.015060240963855422,0.0030120481927710845
256,0.0916030534351145,0.09923664122137404,0.022900763358778626,0.12213740458015267,0.0,0.030534351145038167,0.1450381679389313,0.1297709923664122,0.0,0.007633587786259542,0.007633587786259542,0.2366412213740458,0.022900763358778626,0.022900763358778626,0.061068702290076333,0.0
257,0.12886597938144329,0.020618556701030927,0.059278350515463915,0.023195876288659795,0.0,0.0979381443298969,0.03608247422680412,0.20103092783505155,0.002577319587628866,0.020618556701030927,0.0,0.24742268041237114,0.1056701030927835,0.041237113402061855,0.010309278350515464,0.005154639175257732
258,0.1,0.1,0.0,0.2,0.0,0.1,0.4,0.0,0.0,0.0,0.0,0.0,0.1,0.0,0.0,0.0
259,0.16326530612244897,0.04081632653061224,0.0,0.01020408163265306,0.0,0.02040816326530612,0.11224489795918367,0.19387755102040816,0.01020408163265306,0.12244897959183673,0.0,0.1326530612244898,0.15306122448979592,0.0,0.04081632653061224,0.0
260,0.17857142857142858,0.125,0.017857142857142856,0.05357142857142857,0.017857142857142856,0.017857142857142856,0.0,0.39285714285714285,0.0,0.03571428571428571,0.0,0.07142857142857142,0.05357142857142857,0.0,0.03571428571428571,0.0
261,0.09917355371900827,0.15702479338842976,0.03305785123966942,0.0,0.0,0.0,0.08264462809917356,0.19834710743801653,0.0,0.008264462809917356,0.0,0.36363636363636365,0.049586776859504134,0.0,0.008264462809917356,0.0
262,0.05555555555555555,0.013888888888888888,0.034722222222222224,0.1597222222222222,0.0,0.013888888888888888,0.09027777777777778,0.04861111111111111,0.0,0.020833333333333332,0.006944444444444444,0.4583333333333333,0.06944444444444445,0.013888888888888888,0.013888888888888888,0.0
263,0.1676300578034682,0.005780346820809248,0.057803468208092484,0.028901734104046242,0.0,0.0,0.34104046242774566,0.16184971098265896,0.011560693641618497,0.017341040462427744,0.005780346820809248,0.1791907514450867,0.017341040462427744,0.0,0.005780346820809248,0.0
264,0.08,0.1,0.14,0.16,0.0,0.0,0.18,0.04,0.02,0.02,0.0,0.18,0.06,0.0,0.02,0.0
265,0.3076923076923077,0.05128205128205128,0.0641025641025641,0.038461538461538464,0.0,0.038461538461538464,0.14102564102564102,0.15384615384615385,0.0,0.01282051282051282,0.0,0.08974358974358974,0.02564102564102564,0.05128205128205128,0.02564102564102564,0.0
266,0.0375,0.0125,0.025,0.025,0.0,0.0,0.375,0.25,0.0,0.0,0.0875,0.1375,0.0125,0.0125,0.025,0.0
267,0.1111111111111111,0.1111111111111111,0.037037037037037035,0.0,0.0,0.0,0.2222222222222222,0.12962962962962962,0.0,0.037037037037037035,0.037037037037037035,0.16666666666666666,0.05555555555555555,0.0,0.05555555555555555,0.037037037037037035
268,0.15300546448087432,0.03551912568306011,0.03551912568306011,0.04644808743169399,0.00273224043715847,0.0546448087431694,0.10655737704918032,0.05191256830601093,0.00273224043715847,0.04371584699453552,0.00273224043715847,0.3524590163934426,0.07923497267759563,0.0273224043715847,0.00546448087431694,0.0
269,0.0,0.0,0.0,0.0,0.0,0.0,0.0,0.0,0.0,0.0,0.0,0.0,0.0,0.0,0.0,0.0
270,0.0,0.0,0.0,0.0,0.0,0.0,0.0,0.0,0.0,0.0,0.0,0.0,0.0,0.0,0.0,0.0
271,0.17777777777777778,0.0,0.0,0.044444444444444446,0.0,0.08888888888888889,0.06666666666666667,0.24444444444444444,0.06666666666666667,0.022222222222222223,0.08888888888888889,0.08888888888888889,0.1111111111111111,0.0,0.0,0.0
272,0.10810810810810811,0.0,0.0,0.0,0.0,0.2972972972972973,0.05405405405405406,0.2972972972972973,0.0,0.02702702702702703,0.02702702702702703,0.10810810810810811,0.08108108108108109,0.0,0.0,0.0
273,0.07462686567164178,0.0,0.44776119402985076,0.04477611940298507,0.0,0.014925373134328358,0.029850746268656716,0.16417910447761194,0.0,0.014925373134328358,0.0,0.04477611940298507,0.13432835820895522,0.0,0.014925373134328358,0.014925373134328358
274,0.11538461538461539,0.0,0.0,0.15384615384615385,0.0,0.0,0.2692307692307692,0.15384615384615385,0.07692307692307693,0.038461538461538464,0.0,0.07692307692307693,0.11538461538461539,0.0,0.0,0.0
275,0.16216216216216217,0.05405405405405406,0.17567567567567569,0.013513513513513514,0.02702702702702703,0.0,0.0945945945945946,0.14864864864864866,0.04054054054054054,0.08108108108108109,0.02702702702702703,0.0945945945945946,0.08108108108108109,0.0,0.0,0.0
276,0.05660377358490566,0.018867924528301886,0.5471698113207547,0.03773584905660377,0.0,0.0,0.07547169811320754,0.07547169811320754,0.018867924528301886,0.0,0.0,0.07547169811320754,0.018867924528301886,0.0,0.05660377358490566,0.018867924528301886
277,0.02564102564102564,0.02564102564102564,0.41025641025641024,0.0,0.0,0.05128205128205128,0.05128205128205128,0.15384615384615385,0.0,0.0,0.02564102564102564,0.15384615384615385,0.02564102564102564,0.05128205128205128,0.02564102564102564,0.0
278,0.2,0.06666666666666667,0.0,0.0,0.0,0.13333333333333333,0.13333333333333333,0.2,0.0,0.0,0.0,0.26666666666666666,0.0,0.0,0.0,0.0
279,0.12244897959183673,0.10204081632653061,0.0,0.04081632653061224,0.0,0.02040816326530612,0.2857142857142857,0.2653061224489796,0.0,0.04081632653061224,0.02040816326530612,0.061224489795918366,0.04081632653061224,0.0,0.0,0.0
280,0.09615384615384616,0.038461538461538464,0.34615384615384615,0.0,0.0,0.019230769230769232,0.15384615384615385,0.19230769230769232,0.019230769230769232,0.0,0.0,0.057692307692307696,0.0,0.057692307692307696,0.019230769230769232,0.0
281,0.09090909090909091,0.09090909090909091,0.0,0.09090909090909091,0.0,0.18181818181818182,0.18181818181818182,0.18181818181818182,0.0,0.0,0.0,0.18181818181818182,0.0,0.0,0.0,0.0
282,0.18446601941747573,0.0970873786407767,0.0970873786407767,0.0,0.0,0.038834951456310676,0.06796116504854369,0.1650485436893204,0.0,0.0970873786407767,0.009708737864077669,0.13592233009708737,0.06796116504854369,0.009708737864077669,0.02912621359223301,0.0
283,0.0,0.0,0.0,0.0,0.0,0.0,0.0,0.0,0.0,0.0,0.0,0.0,0.0,0.0,0.0,0.0
284,0.0,0.0,0.0,0.0,0.0,0.0,0.6666666666666666,0.0,0.0,0.0,0.3333333333333333,0.0,0.0,0.0,0.0,0.0
285,0.041666666666666664,0.020833333333333332,0.0,0.041666666666666664,0.0,0.3541666666666667,0.020833333333333332,0.08333333333333333,0.020833333333333332,0.10416666666666667,0.0,0.22916666666666666,0.08333333333333333,0.0,0.0,0.0
286,0.12568306010928962,0.03278688524590164,0.00546448087431694,0.02185792349726776,0.0,0.00546448087431694,0.1092896174863388,0.1092896174863388,0.0,0.03825136612021858,0.0,0.4371584699453552,0.06557377049180328,0.03278688524590164,0.01639344262295082,0.0
287,0.1,0.0,0.2,0.0,0.0,0.0,0.1,0.1,0.0,0.0,0.0,0.5,0.0,0.0,0.0,0.0
288,0.10526315789473684,0.0,0.0,0.0,0.0,0.15789473684210525,0.0,0.21052631578947367,0.0,0.10526315789473684,0.0,0.2631578947368421,0.15789473684210525,0.0,0.0,0.0
289,0.17142857142857143,0.05714285714285714,0.02857142857142857,0.11428571428571428,0.0,0.0,0.17142857142857143,0.11428571428571428,0.0,0.11428571428571428,0.0,0.2,0.0,0.02857142857142857,0.0,0.0
290,0.14285714285714285,0.14285714285714285,0.0,0.2857142857142857,0.0,0.0,0.0,0.14285714285714285,0.0,0.0,0.0,0.0,0.2857142857142857,0.0,0.0,0.0
291,0.09523809523809523,0.023809523809523808,0.047619047619047616,0.0,0.0,0.30952380952380953,0.09523809523809523,0.09523809523809523,0.0,0.0,0.0,0.19047619047619047,0.11904761904761904,0.023809523809523808,0.0,0.0
292,0.22580645161290322,0.0,0.06451612903225806,0.0967741935483871,0.22580645161290322,0.03225806451612903,0.0967741935483871,0.06451612903225806,0.0,0.0967741935483871,0.0,0.0967741935483871,0.0,0.0,0.0,0.0
293,0.0,0.0,0.0,0.0,0.0,0.0,0.0,0.0,0.0,0.0,0.0,0.0,0.0,0.0,0.0,0.0
294,0.25,0.08333333333333333,0.08333333333333333,0.0,0.0,0.08333333333333333,0.0,0.25,0.0,0.0,0.0,0.08333333333333333,0.16666666666666666,0.0,0.0,0.0
295,0.03225806451612903,0.06451612903225806,0.03225806451612903,0.0,0.0,0.0,0.16129032258064516,0.06451612903225806,0.0,0.03225806451612903,0.0,0.5483870967741935,0.03225806451612903,0.0,0.03225806451612903,0.0
296,0.13333333333333333,0.06666666666666667,0.0,0.0,0.0,0.0,0.5333333333333333,0.06666666666666667,0.0,0.0,0.0,0.0,0.13333333333333333,0.06666666666666667,0.0,0.0
297,0.07142857142857142,0.03571428571428571,0.0,0.03571428571428571,0.0,0.0,0.2857142857142857,0.03571428571428571,0.0,0.32142857142857145,0.0,0.10714285714285714,0.03571428571428571,0.07142857142857142,0.0,0.0
298,0.0,0.0,0.0,0.0,0.0,0.0,0.0,0.0,0.0,0.0,0.0,0.0,0.0,0.0,0.0,0.0
299,0.0,0.0,0.0,0.0,0.0,0.0,0.0,0.0,0.0,0.0,0.0,0.0,0.0,0.0,0.0,0.0
300,0.09465020576131687,0.04938271604938271,0.02880658436213992,0.012345679012345678,0.0,0.08641975308641975,0.07407407407407407,0.2222222222222222,0.01646090534979424,0.037037037037037035,0.00823045267489712,0.1934156378600823,0.09465020576131687,0.06172839506172839,0.0205761316872428,0.0
301,0.12903225806451613,0.03225806451612903,0.010752688172043012,0.021505376344086023,0.0,0.0,0.010752688172043012,0.15053763440860216,0.0,0.03225806451612903,0.021505376344086023,0.5053763440860215,0.08602150537634409,0.0,0.0,0.0
302,0.0,0.0,0.0,0.0,0.0,0.0,0.0,0.0,0.0,0.0,0.0,0.0,0.0,0.0,0.0,0.0
303,0.0,0.0,0.0,0.0,0.0,0.0,0.75,0.25,0.0,0.0,0.0,0.0,0.0,0.0,0.0,0.0
304,0.17647058823529413,0.0,0.0,0.0,0.058823529411764705,0.0,0.0,0.0,0.058823529411764705,0.0,0.0,0.5294117647058824,0.11764705882352941,0.058823529411764705,0.0,0.0
305,0.06666666666666667,0.04,0.06666666666666667,0.04,0.0,0.06666666666666667,0.24,0.14666666666666667,0.013333333333333334,0.10666666666666667,0.0,0.16,0.02666666666666667,0.0,0.02666666666666667,0.0
306,0.0,0.1,0.1,0.1,0.0,0.0,0.4,0.0,0.0,0.2,0.0,0.0,0.0,0.1,0.0,0.0
307,0.2608695652173913,0.0,0.0,0.08695652173913043,0.0,0.043478260869565216,0.08695652173913043,0.21739130434782608,0.0,0.0,0.0,0.21739130434782608,0.043478260869565216,0.0,0.0,0.043478260869565216
308,0.4,0.0,0.0,0.2,0.0,0.0,0.0,0.4,0.0,0.0,0.0,0.0,0.0,0.0,0.0,0.0
309,0.0,0.0,0.0,0.0,0.0,0.0,0.0,0.0,0.0,0.0,0.0,0.0,0.0,0.0,0.0,0.0
310,0.0,0.0,0.0,0.0,0.0,0.0,0.0,0.0,0.0,0.0,0.0,0.0,0.0,0.0,0.0,0.0
311,0.15384615384615385,0.07692307692307693,0.0,0.15384615384615385,0.0,0.15384615384615385,0.07692307692307693,0.15384615384615385,0.0,0.0,0.0,0.15384615384615385,0.07692307692307693,0.0,0.0,0.0
312,0.11055276381909548,0.035175879396984924,0.09045226130653267,0.005025125628140704,0.010050251256281407,0.020100502512562814,0.12562814070351758,0.10552763819095477,0.03015075376884422,0.03015075376884422,0.010050251256281407,0.31155778894472363,0.08040201005025126,0.03015075376884422,0.005025125628140704,0.0
313,0.0,0.0,0.0,0.0,0.0,0.0,0.0,0.0,0.0,0.0,0.0,0.0,0.0,0.0,0.0,0.0
314,0.1388888888888889,0.05555555555555555,0.0,0.0,0.0,0.3055555555555556,0.19444444444444445,0.1111111111111111,0.0,0.0,0.027777777777777776,0.1388888888888889,0.027777777777777776,0.0,0.0,0.0
315,0.1111111111111111,0.1111111111111111,0.0,0.1111111111111111,0.0,0.1111111111111111,0.0,0.3333333333333333,0.0,0.0,0.0,0.0,0.1111111111111111,0.0,0.1111111111111111,0.0
316,0.0,0.0,0.0,0.0,0.0,0.0,0.0,0.0,0.0,0.0,0.0,0.0,0.0,0.0,0.0,0.0
317,0.12,0.04,0.02,0.02,0.0,0.08,0.06,0.06,0.0,0.02,0.0,0.52,0.02,0.04,0.0,0.0
318,0.0,0.2222222222222222,0.0,0.1111111111111111,0.0,0.1111111111111111,0.3333333333333333,0.1111111111111111,0.0,0.0,0.0,0.0,0.1111111111111111,0.0,0.0,0.0
319,0.2222222222222222,0.07407407407407407,0.024691358024691357,0.012345679012345678,0.0,0.024691358024691357,0.04938271604938271,0.25925925925925924,0.0,0.04938271604938271,0.0,0.19753086419753085,0.06172839506172839,0.012345679012345678,0.012345679012345678,0.0
320,0.0,0.0,0.0,0.0,0.0,0.0,0.0,0.0,0.0,0.0,0.0,0.0,0.0,0.0,0.0,0.0
321,0.2,0.15,0.15,0.05,0.0,0.0,0.05,0.1,0.0,0.0,0.05,0.2,0.0,0.0,0.0,0.05
322,0.38461538461538464,0.07692307692307693,0.0,0.07692307692307693,0.0,0.07692307692307693,0.0,0.0,0.0,0.0,0.0,0.23076923076923078,0.07692307692307693,0.07692307692307693,0.0,0.0
323,0.21212121212121213,0.12121212121212122,0.0,0.0,0.0,0.030303030303030304,0.030303030303030304,0.09090909090909091,0.0,0.06060606060606061,0.0,0.2727272727272727,0.12121212121212122,0.0,0.06060606060606061,0.0
324,0.0,0.0,0.0,0.0,0.0,0.0,0.0,0.0,0.0,0.0,0.0,0.0,0.0,0.0,0.0,0.0
325,0.0,0.0,0.0,0.0,0.0,0.0,0.0,0.0,0.0,0.0,0.0,0.0,0.0,0.0,0.0,0.0
326,0.043478260869565216,0.021739130434782608,0.043478260869565216,0.043478260869565216,0.0,0.34782608695652173,0.021739130434782608,0.1956521739130435,0.0,0.0,0.0,0.2391304347826087,0.021739130434782608,0.0,0.021739130434782608,0.0
327,0.0,0.0,0.0,0.4,0.2,0.0,0.2,0.1,0.0,0.1,0.0,0.0,0.0,0.0,0.0,0.0
328,0.25,0.08333333333333333,0.0,0.08333333333333333,0.0,0.08333333333333333,0.16666666666666666,0.16666666666666666,0.0,0.08333333333333333,0.0,0.08333333333333333,0.0,0.0,0.0,0.0
329,0.0,0.0,0.0,0.0,0.0,0.0,0.0,0.0,0.0,0.0,0.0,0.0,0.0,0.0,0.0,0.0
330,0.0,0.0,0.0,0.0,0.0,0.0,0.0,0.0,0.0,0.0,0.0,0.0,0.0,0.0,0.0,0.0
331,0.0,0.0,0.0,0.0,0.0,0.0,0.0,0.0,0.0,0.0,0.0,0.0,0.0,0.0,0.0,0.0
332,0.0,0.0,0.16666666666666666,0.0,0.0,0.0,0.3333333333333333,0.3333333333333333,0.0,0.16666666666666666,0.0,0.0,0.0,0.0,0.0,0.0
333,0.0,0.0,0.0,0.0,0.0,0.0,0.0,0.0,0.0,0.0,0.0,0.0,0.0,0.0,0.0,0.0
334,0.0,0.0,0.0,0.0,0.0,0.0,0.0,0.0,0.0,0.0,0.0,0.0,0.0,0.0,0.0,0.0
335,0.0,0.0,0.0,0.0,0.0,0.0,0.0,0.2,0.2,0.2,0.0,0.2,0.2,0.0,0.0,0.0
336,0.15,0.0,0.0,0.1,0.0,0.45,0.1,0.0,0.0,0.0,0.0,0.05,0.05,0.1,0.0,0.0
337,0.0,0.0,0.0,0.0,0.0,0.0,0.0,0.0,0.0,0.0,0.0,0.0,0.0,0.0,0.0,0.0
338,0.3548387096774194,0.03225806451612903,0.03225806451612903,0.06451612903225806,0.0,0.03225806451612903,0.0,0.12903225806451613,0.0,0.06451612903225806,0.0,0.12903225806451613,0.06451612903225806,0.06451612903225806,0.03225806451612903,0.0
339,0.0,0.0,0.0,0.0,0.0,0.0,0.0,0.0,0.0,0.0,0.0,0.0,0.0,0.0,0.0,0.0
340,0.2,0.0,0.0,0.0,0.0,0.0,0.2,0.4,0.0,0.2,0.0,0.0,0.0,0.0,0.0,0.0
341,0.125,0.375,0.0,0.0,0.0,0.125,0.125,0.0,0.0,0.0,0.0,0.125,0.125,0.0,0.0,0.0
342,0.2857142857142857,0.0,0.017857142857142856,0.017857142857142856,0.0,0.08928571428571429,0.07142857142857142,0.17857142857142858,0.0,0.05357142857142857,0.0,0.26785714285714285,0.017857142857142856,0.0,0.0,0.0
343,0.0,0.5,0.0,0.0,0.0,0.0,0.0,0.0,0.0,0.0,0.0,0.0,0.0,0.5,0.0,0.0
344,0.0,0.0,0.0,0.0,0.0,0.0,0.0,0.0,0.0,0.0,0.0,0.0,0.0,0.0,0.0,0.0
345,0.0,0.0,0.0,0.0,0.0,0.0,0.0,0.0,0.0,0.0,0.0,0.0,0.0,0.0,0.0,0.0
346,0.0,0.0,0.0,0.0,0.0,0.0,0.0,0.0,0.0,0.0,0.0,0.0,0.0,0.0,0.0,0.0
347,0.03125,0.0,0.03125,0.03125,0.0,0.40625,0.15625,0.15625,0.0,0.0,0.0,0.15625,0.03125,0.0,0.0,0.0
348,0.5394736842105263,0.019736842105263157,0.1513157894736842,0.013157894736842105,0.0,0.0,0.006578947368421052,0.046052631578947366,0.0,0.05263157894736842,0.0,0.125,0.013157894736842105,0.006578947368421052,0.019736842105263157,0.006578947368421052
349,0.0,0.0,0.0,0.0,0.0,0.0,0.0,0.0,0.0,0.0,0.0,0.0,0.0,0.0,0.0,0.0
350,0.10215053763440861,0.07526881720430108,0.04838709677419355,0.03225806451612903,0.0,0.043010752688172046,0.11827956989247312,0.12903225806451613,0.005376344086021506,0.06989247311827956,0.010752688172043012,0.2903225806451613,0.03763440860215054,0.016129032258064516,0.021505376344086023,0.0
351,0.0,0.0,0.0,0.2222222222222222,0.0,0.0,0.1111111111111111,0.3333333333333333,0.1111111111111111,0.1111111111111111,0.0,0.0,0.0,0.1111111111111111,0.0,0.0
352,0.0,0.0,0.0,0.0,0.0,0.0,0.5,0.0,0.0,0.0,0.5,0.0,0.0,0.0,0.0,0.0
353,0.0,0.16666666666666666,0.3333333333333333,0.0,0.0,0.0,0.3333333333333333,0.0,0.0,0.0,0.0,0.0,0.0,0.0,0.0,0.16666666666666666
354,0.09523809523809523,0.14285714285714285,0.09523809523809523,0.0,0.0,0.14285714285714285,0.09523809523809523,0.047619047619047616,0.0,0.09523809523809523,0.0,0.14285714285714285,0.047619047619047616,0.047619047619047616,0.047619047619047616,0.0
355,0.2857142857142857,0.0,0.0,0.14285714285714285,0.0,0.0,0.2857142857142857,0.14285714285714285,0.0,0.0,0.0,0.0,0.14285714285714285,0.0,0.0,0.0
356,0.20833333333333334,0.0,0.0,0.041666666666666664,0.0,0.041666666666666664,0.2916666666666667,0.22916666666666666,0.0,0.020833333333333332,0.020833333333333332,0.125,0.0,0.0,0.020833333333333332,0.0
357,0.03125,0.0,0.65625,0.15625,0.0,0.0,0.0,0.09375,0.03125,0.0,0.0,0.03125,0.0,0.0,0.0,0.0
358,0.3333333333333333,0.16666666666666666,0.0,0.0,0.0,0.16666666666666666,0.0,0.16666666666666666,0.0,0.0,0.0,0.16666666666666666,0.0,0.0,0.0,0.0
359,0.07246376811594203,0.028985507246376812,0.028985507246376812,0.043478260869565216,0.0,0.2753623188405797,0.057971014492753624,0.11594202898550725,0.0,0.028985507246376812,0.0,0.2608695652173913,0.08695652173913043,0.0,0.0,0.0
360,0.0,0.038461538461538464,0.038461538461538464,0.15384615384615385,0.0,0.15384615384615385,0.15384615384615385,0.15384615384615385,0.0,0.0,0.0,0.23076923076923078,0.038461538461538464,0.038461538461538464,0.0,0.0
361,0.0,0.05,0.1,0.0,0.0,0.25,0.15,0.25,0.0,0.05,0.0,0.1,0.0,0.05,0.0,0.0
362,0.1232876712328767,0.0684931506849315,0.0273972602739726,0.0410958904109589,0.0,0.0,0.0,0.0273972602739726,0.0,0.0410958904109589,0.0136986301369863,0.5753424657534246,0.0547945205479452,0.0136986301369863,0.0136986301369863,0.0
363,0.0,0.0,0.0,0.0,0.0,0.0,0.25,0.25,0.0,0.0,0.0,0.0,0.25,0.0,0.25,0.0
364,0.14732142857142858,0.09821428571428571,0.049107142857142856,0.04017857142857143,0.0,0.013392857142857142,0.05803571428571429,0.20089285714285715,0.0,0.05357142857142857,0.004464285714285714,0.22767857142857142,0.05803571428571429,0.013392857142857142,0.03125,0.004464285714285714
365,0.0,0.0,0.0,0.0,0.0,0.0,0.0,0.0,0.0,0.0,0.0,0.0,0.0,0.0,0.0,0.0
366,0.18181818181818182,0.0,0.0,0.0,0.0,0.18181818181818182,0.2727272727272727,0.2727272727272727,0.0,0.0,0.0,0.0,0.09090909090909091,0.0,0.0,0.0
367,0.0,0.0,0.0,0.0,0.0,0.0,0.0,0.0,0.0,0.5,0.0,0.0,0.5,0.0,0.0,0.0
368,0.0,0.0,0.0,0.0,0.0,0.0,0.0,0.0,0.0,0.0,0.0,0.0,0.0,0.0,0.0,0.0
369,0.029411764705882353,0.014705882352941176,0.014705882352941176,0.029411764705882353,0.0,0.35294117647058826,0.058823529411764705,0.25,0.0,0.0,0.0,0.11764705882352941,0.029411764705882353,0.058823529411764705,0.04411764705882353,0.0
370,0.23076923076923078,0.07692307692307693,0.23076923076923078,0.07692307692307693,0.0,0.0,0.07692307692307693,0.07692307692307693,0.0,0.07692307692307693,0.0,0.07692307692307693,0.07692307692307693,0.0,0.0,0.0
371,0.15625,0.1875,0.0,0.0625,0.0,0.0,0.28125,0.09375,0.0,0.09375,0.0,0.03125,0.09375,0.0,0.0,0.0
372,0.10909090909090909,0.0,0.006060606060606061,0.006060606060606061,0.0,0.30303030303030304,0.10909090909090909,0.16363636363636364,0.0,0.030303030303030304,0.006060606060606061,0.19393939393939394,0.04242424242424243,0.01818181818181818,0.012121212121212121,0.0
373,0.0,0.0,0.0,0.0,0.0,0.0,0.0,0.0,0.0,0.0,0.0,0.0,0.0,0.0,0.0,0.0
374,0.0,0.0,0.0,0.0,0.0,0.0,0.0,0.0,0.0,0.0,0.0,0.0,0.0,0.0,0.0,0.0
375,0.08695652173913043,0.043478260869565216,0.043478260869565216,0.0,0.021739130434782608,0.021739130434782608,0.10869565217391304,0.06521739130434782,0.0,0.043478260869565216,0.0,0.5217391304347826,0.0,0.043478260869565216,0.0,0.0
376,0.0,0.0,0.0,0.0,0.0,0.0,0.0,0.0,0.0,0.0,0.0,0.0,0.0,0.0,0.0,0.0
377,0.25,0.0,0.0,0.0,0.0,0.5,0.0,0.25,0.0,0.0,0.0,0.0,0.0,0.0,0.0,0.0
378,0.0,0.0,0.0,0.0,0.0,0.0,0.0,0.0,0.0,0.0,0.0,0.0,0.0,0.0,0.0,0.0
379,0.0,0.0,0.0,0.0,0.0,0.0,0.0,0.0,0.0,0.0,0.0,0.0,0.0,0.0,0.0,0.0
380,0.0,0.0,0.0,0.0,0.0,0.0,0.0,0.0,0.0,0.0,0.0,0.0,0.0,0.0,0.0,0.0
381,0.14285714285714285,0.0,0.0,0.14285714285714285,0.0,0.0,0.0,0.2857142857142857,0.0,0.14285714285714285,0.0,0.2857142857142857,0.0,0.0,0.0,0.0
382,0.0,0.0,0.0,0.0,0.0,0.0,0.0,0.0,0.0,0.0,0.0,0.0,0.0,0.0,0.0,0.0
383,0.17073170731707318,0.012195121951219513,0.0,0.036585365853658534,0.012195121951219513,0.2682926829268293,0.036585365853658534,0.0975609756097561,0.012195121951219513,0.024390243902439025,0.012195121951219513,0.2073170731707317,0.0975609756097561,0.012195121951219513,0.0,0.0
384,0.16129032258064516,0.06451612903225806,0.021505376344086023,0.03225806451612903,0.0,0.12903225806451613,0.053763440860215055,0.1935483870967742,0.0,0.03225806451612903,0.0,0.16129032258064516,0.0967741935483871,0.043010752688172046,0.010752688172043012,0.0
385,0.0,0.0,0.0,0.0,0.0,0.0,0.0,0.0,0.0,0.0,0.0,0.0,0.0,0.0,0.0,0.0
386,0.0,0.0,0.0,0.0,0.0,0.0,0.0,0.0,0.0,0.0,0.0,0.0,0.0,0.0,0.0,0.0
387,0.0,0.0,0.15384615384615385,0.15384615384615385,0.0,0.0,0.0,0.23076923076923078,0.0,0.07692307692307693,0.0,0.15384615384615385,0.15384615384615385,0.07692307692307693,0.0,0.0
388,0.16666666666666666,0.16666666666666666,0.0,0.16666666666666666,0.0,0.0,0.0,0.5,0.0,0.0,0.0,0.0,0.0,0.0,0.0,0.0
389,0.041666666666666664,0.041666666666666664,0.16666666666666666,0.041666666666666664,0.041666666666666664,0.0,0.16666666666666666,0.0,0.041666666666666664,0.0,0.041666666666666664,0.3333333333333333,0.041666666666666664,0.041666666666666664,0.0,0.0
390,0.0,0.0,0.0,0.0,0.0,0.0,0.0,0.0,0.0,0.0,0.0,0.0,0.0,0.0,0.0,0.0
391,0.0,0.0,0.0,0.0,0.0,0.0,0.0,0.0,0.0,0.0,0.0,0.0,0.0,0.0,0.0,0.0
392,0.09375,0.125,0.0,0.03125,0.0,0.03125,0.375,0.0625,0.03125,0.0,0.0,0.15625,0.0625,0.03125,0.0,0.0
393,0.0,0.0,0.0,0.0,0.0,0.0,0.0,0.0,0.0,0.0,0.0,0.0,0.0,0.0,0.0,0.0
394,0.13043478260869565,0.043478260869565216,0.43478260869565216,0.0,0.0,0.0,0.043478260869565216,0.043478260869565216,0.0,0.043478260869565216,0.043478260869565216,0.13043478260869565,0.0,0.0,0.0,0.08695652173913043
395,0.08547008547008547,0.0,0.11965811965811966,0.042735042735042736,0.0,0.26495726495726496,0.008547008547008548,0.21367521367521367,0.02564102564102564,0.08547008547008547,0.008547008547008548,0.10256410256410256,0.02564102564102564,0.017094017094017096,0.0,0.0
396,0.23076923076923078,0.07692307692307693,0.0,0.11538461538461539,0.0,0.0,0.038461538461538464,0.11538461538461539,0.0,0.0,0.0,0.38461538461538464,0.038461538461538464,0.0,0.0,0.0
397,0.0,0.0,0.0,0.0,0.0,0.0,0.0,0.0,0.0,0.0,0.0,0.0,0.0,0.0,0.0,0.0
398,0.14285714285714285,0.07142857142857142,0.07142857142857142,0.03571428571428571,0.0,0.07142857142857142,0.25,0.17857142857142858,0.03571428571428571,0.03571428571428571,0.0,0.07142857142857142,0.03571428571428571,0.0,0.0,0.0
399,0.1896551724137931,0.08620689655172414,0.06896551724137931,0.034482758620689655,0.0,0.05172413793103448,0.15517241379310345,0.15517241379310345,0.017241379310344827,0.06896551724137931,0.0,0.06896551724137931,0.10344827586206896,0.0,0.0,0.0
400,0.16666666666666666,0.0,0.0,0.0,0.0,0.16666666666666666,0.5,0.16666666666666666,0.0,0.0,0.0,0.0,0.0,0.0,0.0,0.0
401,0.07142857142857142,0.0,0.07142857142857142,0.0,0.0,0.0,0.21428571428571427,0.21428571428571427,0.0,0.07142857142857142,0.0,0.21428571428571427,0.07142857142857142,0.0,0.07142857142857142,0.0
402,0.2641509433962264,0.018867924528301886,0.07547169811320754,0.0,0.09433962264150944,0.0,0.11320754716981132,0.11320754716981132,0.018867924528301886,0.0,0.03773584905660377,0.1320754716981132,0.09433962264150944,0.03773584905660377,0.0,0.0
403,0.07142857142857142,0.03571428571428571,0.0,0.07142857142857142,0.0,0.0,0.07142857142857142,0.21428571428571427,0.0,0.03571428571428571,0.0,0.42857142857142855,0.07142857142857142,0.0,0.0,0.0
404,0.07142857142857142,0.07142857142857142,0.5,0.07142857142857142,0.0,0.0,0.0,0.14285714285714285,0.0,0.0,0.0,0.14285714285714285,0.0,0.0,0.0,0.0
405,0.0,0.0,0.0,0.0,0.0,0.0,0.0,0.0,0.0,0.0,0.0,0.0,0.0,0.0,0.0,0.0
406,0.0,0.0,0.0,0.0,0.0,0.0,0.0,0.0,0.0,0.0,0.0,0.0,0.0,0.0,0.0,0.0
407,0.19444444444444445,0.0,0.0,0.027777777777777776,0.0,0.19444444444444445,0.027777777777777776,0.19444444444444445,0.0,0.0,0.0,0.2222222222222222,0.08333333333333333,0.05555555555555555,0.0,0.0
408,0.04,0.08,0.0,0.04,0.0,0.2,0.12,0.08,0.08,0.12,0.12,0.08,0.0,0.04,0.0,0.0
409,0.0,0.0,0.0,0.0,0.0,0.0,0.0,0.0,0.0,0.0,0.0,0.0,0.0,0.0,0.0,0.0
410,0.17391304347826086,0.043478260869565216,0.0,0.043478260869565216,0.043478260869565216,0.0,0.043478260869565216,0.08695652173913043,0.0,0.13043478260869565,0.0,0.21739130434782608,0.08695652173913043,0.0,0.13043478260869565,0.0
411,0.09090909090909091,0.18181818181818182,0.0,0.09090909090909091,0.0,0.0,0.5454545454545454,0.09090909090909091,0.0,0.0,0.0,0.0,0.0,0.0,0.0,0.0
412,0.0,0.0,0.0,0.0,0.0,0.0,0.0,0.0,0.0,0.0,0.0,0.0,0.0,0.0,0.0,0.0
413,0.0,0.0,0.0,0.0,0.0,0.0,0.0,0.0,0.0,0.0,0.0,0.0,0.0,0.0,0.0,0.0
414,0.0,0.0,0.0,0.0,0.0,0.0,0.0,0.0,0.0,0.0,0.0,0.0,0.0,0.0,0.0,0.0
415,0.0,0.0,0.045454545454545456,0.0,0.0,0.0,0.3181818181818182,0.0,0.0,0.13636363636363635,0.0,0.2727272727272727,0.09090909090909091,0.09090909090909091,0.045454545454545456,0.0
416,0.2,0.1,0.0,0.2,0.0,0.0,0.2,0.3,0.0,0.0,0.0,0.0,0.0,0.0,0.0,0.0
417,0.09523809523809523,0.0,0.0,0.047619047619047616,0.0,0.23809523809523808,0.09523809523809523,0.047619047619047616,0.0,0.0,0.047619047619047616,0.19047619047619047,0.19047619047619047,0.0,0.047619047619047616,0.0
418,0.1111111111111111,0.1111111111111111,0.1111111111111111,0.0,0.0,0.0,0.2222222222222222,0.2222222222222222,0.0,0.2222222222222222,0.0,0.0,0.0,0.0,0.0,0.0
419,0.0,0.14285714285714285,0.0,0.14285714285714285,0.0,0.0,0.14285714285714285,0.42857142857142855,0.0,0.0,0.0,0.0,0.14285714285714285,0.0,0.0,0.0
420,0.10526315789473684,0.10526315789473684,0.15789473684210525,0.0,0.0,0.10526315789473684,0.0,0.15789473684210525,0.0,0.05263157894736842,0.0,0.21052631578947367,0.10526315789473684,0.0,0.0,0.0
421,0.10810810810810811,0.13513513513513514,0.02702702702702703,0.02702702702702703,0.0,0.02702702702702703,0.13513513513513514,0.1891891891891892,0.02702702702702703,0.08108108108108109,0.0,0.21621621621621623,0.0,0.02702702702702703,0.0,0.0
422,0.09302325581395349,0.08139534883720931,0.16279069767441862,0.05813953488372093,0.0,0.0,0.2441860465116279,0.05813953488372093,0.0,0.011627906976744186,0.023255813953488372,0.1511627906976744,0.05813953488372093,0.03488372093023256,0.023255813953488372,0.0
423,0.18269230769230768,0.028846153846153848,0.028846153846153848,0.0673076923076923,0.038461538461538464,0.0,0.08653846153846154,0.10576923076923077,0.0,0.0673076923076923,0.009615384615384616,0.2692307692307692,0.057692307692307696,0.028846153846153848,0.028846153846153848,0.0
424,0.2,0.0,0.1,0.3,0.0,0.1,0.2,0.0,0.0,0.1,0.0,0.0,0.0,0.0,0.0,0.0
425,0.1,0.0,0.1,0.0,0.0,0.0,0.3,0.3,0.0,0.1,0.0,0.1,0.0,0.0,0.0,0.0
426,0.11439114391143912,0.04059040590405904,0.08487084870848709,0.04059040590405904,0.0036900369003690036,0.007380073800738007,0.12915129151291513,0.05166051660516605,0.0,0.02214022140221402,0.025830258302583026,0.34317343173431736,0.055350553505535055,0.007380073800738007,0.07380073800738007,0.0
427,0.125,0.0,0.0,0.0,0.0,0.0,0.125,0.25,0.125,0.0,0.0,0.375,0.0,0.0,0.0,0.0
428,0.0,0.0,0.0,0.0,0.0,0.0,0.0,0.0,0.0,0.0,0.0,0.0,0.0,0.0,0.0,0.0
429,0.0,0.0,0.0,0.0,0.0,0.0,0.0,0.0,0.0,0.0,0.0,0.0,0.0,0.0,0.0,0.0
430,0.0,0.0,0.0,0.0,0.0,0.0,0.0,0.0,0.0,0.0,0.0,0.0,0.0,0.0,0.0,0.0
431,0.0,0.0,0.0,0.0,0.0,0.0,0.0,0.0,0.0,0.0,0.0,0.0,0.0,0.0,0.0,0.0
432,0.13513513513513514,0.08108108108108109,0.013513513513513514,0.04054054054054054,0.0,0.04054054054054054,0.06756756756756757,0.20270270270270271,0.0,0.0945945945945946,0.0,0.1891891891891892,0.08108108108108109,0.04054054054054054,0.013513513513513514,0.0
433,0.2222222222222222,0.0,0.0,0.0,0.0,0.0,0.3333333333333333,0.1111111111111111,0.0,0.0,0.2222222222222222,0.1111111111111111,0.0,0.0,0.0,0.0
434,0.11764705882352941,0.058823529411764705,0.0,0.058823529411764705,0.0,0.058823529411764705,0.11764705882352941,0.19117647058823528,0.029411764705882353,0.1323529411764706,0.0,0.14705882352941177,0.07352941176470588,0.014705882352941176,0.0,0.0
435,0.0,0.0,0.0,0.1875,0.0,0.0,0.375,0.3125,0.0,0.0,0.0,0.125,0.0,0.0,0.0,0.0
436,0.041666666666666664,0.08333333333333333,0.25,0.0,0.0,0.0,0.25,0.16666666666666666,0.08333333333333333,0.0,0.0,0.125,0.0,0.0,0.0,0.0
437,0.38461538461538464,0.07692307692307693,0.07692307692307693,0.07692307692307693,0.0,0.0,0.07692307692307693,0.23076923076923078,0.0,0.07692307692307693,0.0,0.0,0.0,0.0,0.0,0.0
438,0.3,0.0,0.0,0.1,0.0,0.0,0.0,0.2,0.0,0.0,0.0,0.2,0.1,0.0,0.1,0.0
