,sweet,vanilla,smokey,chacho,sherry,cereals,fruit,spices,green,Old,flower,smooth,alcohol,rough,balance,salty,¤ÀÃþ
0,0.027777777777777776,0.05555555555555555,0.08333333333333333,0.027777777777777776,0.0,0.027777777777777776,0.08333333333333333,0.05555555555555555,0.0,0.0,0.0,0.1388888888888889,0.0,0.0,0.0,0.0,0.5
1,0.1673469387755102,0.00816326530612245,0.08571428571428572,0.012244897959183673,0.004081632653061225,0.036734693877551024,0.20408163265306123,0.02857142857142857,0.03877551020408163,0.012244897959183673,0.04285714285714286,0.22244897959183674,0.05918367346938776,0.022448979591836733,0.0163265306122449,0.0020408163265306124,0.036734693877551024
2,0.0,0.0,0.0,0.0,0.0,0.0,0.0,0.0,0.0,0.0,0.0,0.0,0.0,0.0,0.0,0.0,1.0
3,0.0,0.0,0.0,0.0,0.0,0.0,0.0,0.0,0.0,0.0,0.0,0.0,0.0,0.0,0.0,0.0,1.0
4,0.042279411764705885,0.034926470588235295,0.5735294117647058,0.02022058823529412,0.02022058823529412,0.0055147058823529415,0.022058823529411766,0.03860294117647059,0.003676470588235294,0.011029411764705883,0.001838235294117647,0.09191176470588236,0.05330882352941176,0.007352941176470588,0.02022058823529412,0.04044117647058824,0.012867647058823529
5,0.0,0.0,0.0,0.0,0.0,0.0,0.0,0.0,0.0,0.0,0.0,0.0,0.0,0.0,0.0,0.0,1.0
6,0.0,0.0,0.0,0.0,0.0,0.0,0.0,0.0,0.0,0.0,0.0,0.0,0.0,0.0,0.0,0.0,1.0
7,0.10655737704918032,0.01639344262295082,0.14754098360655737,0.09016393442622951,0.0,0.01639344262295082,0.18032786885245902,0.1557377049180328,0.0,0.01639344262295082,0.0,0.10655737704918032,0.04918032786885246,0.03278688524590164,0.06557377049180328,0.0,0.01639344262295082
8,0.041044776119402986,0.029850746268656716,0.6343283582089553,0.018656716417910446,0.007462686567164179,0.007462686567164179,0.05223880597014925,0.022388059701492536,0.007462686567164179,0.011194029850746268,0.0,0.05970149253731343,0.014925373134328358,0.0037313432835820895,0.03731343283582089,0.026119402985074626,0.026119402985074626
9,0.09375,0.046875,0.36328125,0.0078125,0.00390625,0.015625,0.0859375,0.02734375,0.0,0.015625,0.01953125,0.171875,0.015625,0.015625,0.0546875,0.0625,0.0
10,0.0625,0.05078125,0.09765625,0.01171875,0.0,0.01171875,0.25,0.04296875,0.0,0.03125,0.0234375,0.234375,0.078125,0.015625,0.015625,0.00390625,0.0703125
11,0.07792207792207792,0.12337662337662338,0.07792207792207792,0.012987012987012988,0.0,0.05194805194805195,0.11688311688311688,0.05844155844155844,0.0,0.05194805194805195,0.006493506493506494,0.24675324675324675,0.03896103896103896,0.0,0.01948051948051948,0.0,0.11688311688311688
12,0.037383177570093455,0.009345794392523364,0.5981308411214953,0.009345794392523364,0.0,0.018691588785046728,0.009345794392523364,0.037383177570093455,0.009345794392523364,0.009345794392523364,0.0,0.028037383177570093,0.09345794392523364,0.037383177570093455,0.0,0.037383177570093455,0.06542056074766354
13,0.08791208791208792,0.03296703296703297,0.03296703296703297,0.04395604395604396,0.01098901098901099,0.0,0.24175824175824176,0.14285714285714285,0.02197802197802198,0.03296703296703297,0.0,0.16483516483516483,0.054945054945054944,0.01098901098901099,0.02197802197802198,0.0,0.0989010989010989
14,0.058823529411764705,0.0,0.4117647058823529,0.0,0.17647058823529413,0.0,0.058823529411764705,0.0,0.0,0.11764705882352941,0.0,0.0,0.0,0.058823529411764705,0.058823529411764705,0.058823529411764705,0.0
15,0.17699115044247787,0.07964601769911504,0.3893805309734513,0.008849557522123894,0.008849557522123894,0.05309734513274336,0.07079646017699115,0.02654867256637168,0.008849557522123894,0.02654867256637168,0.0,0.04424778761061947,0.05309734513274336,0.008849557522123894,0.02654867256637168,0.017699115044247787,0.0
16,0.125,0.015625,0.0546875,0.0859375,0.078125,0.0,0.1015625,0.0546875,0.0234375,0.0546875,0.015625,0.171875,0.0546875,0.0078125,0.015625,0.0,0.140625
17,0.06329113924050633,0.02531645569620253,0.0,0.06329113924050633,0.05063291139240506,0.02531645569620253,0.1518987341772152,0.10126582278481013,0.0,0.0,0.0,0.25316455696202533,0.0,0.0,0.0379746835443038,0.0,0.22784810126582278
18,0.13043478260869565,0.0,0.06521739130434782,0.08695652173913043,0.21739130434782608,0.0,0.08695652173913043,0.0,0.0,0.043478260869565216,0.0,0.08695652173913043,0.08695652173913043,0.021739130434782608,0.0,0.0,0.17391304347826086
19,0.02631578947368421,0.02631578947368421,0.5,0.0,0.02631578947368421,0.0,0.05263157894736842,0.10526315789473684,0.05263157894736842,0.07894736842105263,0.0,0.05263157894736842,0.02631578947368421,0.02631578947368421,0.02631578947368421,0.0,0.0
20,0.06666666666666667,0.06666666666666667,0.13333333333333333,0.0,0.0,0.06666666666666667,0.2,0.0,0.0,0.06666666666666667,0.0,0.13333333333333333,0.13333333333333333,0.0,0.0,0.0,0.13333333333333333
21,0.04,0.0,0.12,0.04,0.08,0.0,0.2,0.04,0.04,0.08,0.0,0.0,0.0,0.0,0.0,0.04,0.32
22,0.1388888888888889,0.027777777777777776,0.027777777777777776,0.0,0.027777777777777776,0.027777777777777776,0.0,0.08333333333333333,0.0,0.027777777777777776,0.0,0.1111111111111111,0.05555555555555555,0.0,0.0,0.0,0.4722222222222222
23,0.2,0.0,0.4,0.0,0.0,0.0,0.2,0.0,0.0,0.0,0.0,0.0,0.2,0.0,0.0,0.0,0.0
24,0.24,0.0,0.24,0.0,0.0,0.0,0.16,0.04,0.0,0.0,0.0,0.12,0.04,0.0,0.08,0.0,0.08
25,0.0,0.0,0.2727272727272727,0.0,0.0,0.0,0.0,0.0,0.0,0.0,0.0,0.0,0.0,0.0,0.09090909090909091,0.0,0.6363636363636364
26,0.0,0.0,0.0,0.14285714285714285,0.0,0.0,0.14285714285714285,0.047619047619047616,0.0,0.047619047619047616,0.047619047619047616,0.0,0.0,0.047619047619047616,0.0,0.0,0.5238095238095238
27,0.043478260869565216,0.008695652173913044,0.48695652173913045,0.09565217391304348,0.008695652173913044,0.0,0.02608695652173913,0.034782608695652174,0.043478260869565216,0.034782608695652174,0.008695652173913044,0.034782608695652174,0.06086956521739131,0.0,0.008695652173913044,0.043478260869565216,0.06086956521739131
28,0.0,0.0,0.0,0.0,0.0,0.0,0.0,0.0,0.0,0.0,0.0,0.0,0.0,0.0,0.0,0.0,1.0
29,0.0,0.0,0.0,0.0,0.0,0.0,0.0,0.0,0.0,0.0,0.0,0.0,0.0,0.0,0.0,0.0,1.0
30,0.0,0.0,0.0,0.0,0.0,0.0,0.0,0.0,0.0,0.0,0.0,0.0,0.0,0.0,0.0,0.0,1.0
31,0.0,0.0,0.0,0.0,0.0,0.0,0.0,0.0,0.0,0.0,0.0,0.0,0.0,0.0,0.0,0.0,1.0
32,0.0,0.0,0.0,0.0,0.0,0.0,0.0,0.0,0.0,0.0,0.0,0.0,0.0,0.0,0.0,0.0,1.0
33,0.09659090909090909,0.05113636363636364,0.3352272727272727,0.056818181818181816,0.045454545454545456,0.011363636363636364,0.09090909090909091,0.022727272727272728,0.0,0.022727272727272728,0.005681818181818182,0.10795454545454546,0.056818181818181816,0.022727272727272728,0.028409090909090908,0.045454545454545456,0.0
34,0.057692307692307696,0.038461538461538464,0.38461538461538464,0.057692307692307696,0.0,0.0,0.09615384615384616,0.15384615384615385,0.0,0.0,0.0,0.09615384615384616,0.057692307692307696,0.0,0.0,0.057692307692307696,0.0
35,0.08695652173913043,0.043478260869565216,0.0,0.0,0.0,0.043478260869565216,0.043478260869565216,0.0,0.0,0.0,0.0,0.043478260869565216,0.0,0.0,0.0,0.0,0.7391304347826086
36,0.0,0.0,0.0,0.0,0.0,0.0,0.0,0.0,0.0,0.0,0.0,0.0,0.0,0.0,0.0,0.0,1.0
37,0.125,0.09375,0.0,0.0,0.0,0.0,0.03125,0.03125,0.0,0.0625,0.0,0.125,0.0,0.0,0.0,0.0,0.53125
38,0.07692307692307693,0.038461538461538464,0.038461538461538464,0.11538461538461539,0.11538461538461539,0.0,0.11538461538461539,0.038461538461538464,0.0,0.07692307692307693,0.0,0.038461538461538464,0.0,0.038461538461538464,0.0,0.0,0.3076923076923077
39,0.10828025477707007,0.06369426751592357,0.3503184713375796,0.012738853503184714,0.0,0.012738853503184714,0.05732484076433121,0.07006369426751592,0.025477707006369428,0.044585987261146494,0.0,0.16560509554140126,0.05732484076433121,0.006369426751592357,0.025477707006369428,0.0,0.0
40,0.16666666666666666,0.07142857142857142,0.023809523809523808,0.047619047619047616,0.0,0.023809523809523808,0.14285714285714285,0.11904761904761904,0.07142857142857142,0.0,0.0,0.07142857142857142,0.0,0.047619047619047616,0.0,0.0,0.21428571428571427
41,0.08695652173913043,0.043478260869565216,0.014492753623188406,0.014492753623188406,0.057971014492753624,0.014492753623188406,0.11594202898550725,0.07246376811594203,0.0,0.0,0.028985507246376812,0.2463768115942029,0.014492753623188406,0.014492753623188406,0.014492753623188406,0.0,0.2608695652173913
42,0.12903225806451613,0.016129032258064516,0.016129032258064516,0.016129032258064516,0.03225806451612903,0.016129032258064516,0.14516129032258066,0.14516129032258066,0.0,0.0,0.0,0.1935483870967742,0.0,0.0,0.0,0.0,0.2903225806451613
43,0.16666666666666666,0.0,0.0,0.08333333333333333,0.0,0.0,0.041666666666666664,0.0,0.0,0.0,0.0,0.0,0.0,0.041666666666666664,0.0,0.0,0.6666666666666666
44,0.09090909090909091,0.03896103896103896,0.1038961038961039,0.032467532467532464,0.16883116883116883,0.006493506493506494,0.07792207792207792,0.03896103896103896,0.0,0.032467532467532464,0.006493506493506494,0.2012987012987013,0.05844155844155844,0.006493506493506494,0.01948051948051948,0.0,0.11688311688311688
45,0.0,0.0,0.0,0.0,0.0,0.0,0.0,0.0,0.0,0.0,0.0,0.0,0.0,0.0,0.0,0.0,1.0
46,0.0,0.0,0.0,0.09523809523809523,0.0,0.0,0.19047619047619047,0.09523809523809523,0.0,0.0,0.0,0.0,0.0,0.0,0.0,0.0,0.6190476190476191
47,0.0,0.0,0.0,0.0,0.0,0.0,0.0,0.0,0.0,0.0,0.0,0.0,0.0,0.0,0.0,0.0,1.0
48,0.07142857142857142,0.0,0.0,0.0,0.0,0.03571428571428571,0.2857142857142857,0.0,0.0,0.03571428571428571,0.0,0.03571428571428571,0.03571428571428571,0.03571428571428571,0.0,0.0,0.4642857142857143
49,0.0,0.0,0.0,0.0,0.0,0.0,0.0,0.0,0.0,0.0,0.0,0.0,0.0,0.0,0.0,0.0,1.0
50,0.0,0.0,0.0,0.0,0.0,0.0,0.0,0.0,0.0,0.0,0.0,0.0,0.0,0.0,0.0,0.0,1.0
51,0.0,0.0,0.0,0.0,0.0,0.0,0.0,0.0,0.0,0.0,0.0,0.0,0.0,0.0,0.0,0.0,1.0
52,0.09803921568627451,0.029411764705882353,0.00980392156862745,0.0196078431372549,0.0196078431372549,0.0,0.16666666666666666,0.09803921568627451,0.0,0.029411764705882353,0.0196078431372549,0.2647058823529412,0.00980392156862745,0.0392156862745098,0.00980392156862745,0.00980392156862745,0.17647058823529413
53,0.017543859649122806,0.03508771929824561,0.03508771929824561,0.017543859649122806,0.03508771929824561,0.017543859649122806,0.07017543859649122,0.07017543859649122,0.017543859649122806,0.12280701754385964,0.0,0.10526315789473684,0.03508771929824561,0.05263157894736842,0.05263157894736842,0.0,0.3157894736842105
54,0.0,0.0,0.0,0.0,0.0,0.0,0.0,0.0,0.0,0.0,0.0,0.0,0.0,0.0,0.0,0.0,1.0
55,0.13157894736842105,0.10526315789473684,0.15789473684210525,0.02631578947368421,0.0,0.02631578947368421,0.21052631578947367,0.07894736842105263,0.02631578947368421,0.0,0.0,0.10526315789473684,0.05263157894736842,0.0,0.02631578947368421,0.0,0.05263157894736842
56,0.06417112299465241,0.016042780748663103,0.21390374331550802,0.06417112299465241,0.0053475935828877,0.0053475935828877,0.0481283422459893,0.0213903743315508,0.0106951871657754,0.0374331550802139,0.0106951871657754,0.4117647058823529,0.016042780748663103,0.0106951871657754,0.03208556149732621,0.0,0.03208556149732621
57,0.08695652173913043,0.0,0.043478260869565216,0.043478260869565216,0.043478260869565216,0.0,0.0,0.0,0.0,0.0,0.0,0.043478260869565216,0.0,0.0,0.0,0.0,0.7391304347826086
58,0.0,0.0,0.375,0.05,0.075,0.0,0.05,0.05,0.0,0.025,0.0,0.125,0.05,0.025,0.125,0.05,0.0
59,0.08465608465608465,0.0582010582010582,0.06878306878306878,0.010582010582010581,0.0582010582010582,0.0,0.1111111111111111,0.13227513227513227,0.0,0.021164021164021163,0.0,0.2698412698412698,0.047619047619047616,0.015873015873015872,0.026455026455026454,0.0,0.09523809523809523
60,0.09523809523809523,0.0,0.0,0.0,0.09523809523809523,0.0,0.0,0.047619047619047616,0.0,0.0,0.0,0.0,0.0,0.0,0.0,0.0,0.7619047619047619
61,0.0,0.0,0.0,0.0,0.0,0.0,0.0,0.0,0.0,0.0,0.0,0.0,0.0,0.0,0.0,0.0,1.0
62,0.07407407407407407,0.037037037037037035,0.0,0.0,0.0,0.037037037037037035,0.2962962962962963,0.037037037037037035,0.0,0.0,0.0,0.037037037037037035,0.0,0.0,0.0,0.0,0.48148148148148145
63,0.05,0.0,0.0,0.0,0.05,0.0,0.15,0.0,0.0,0.0,0.0,0.05,0.05,0.0,0.0,0.0,0.65
64,0.0,0.0,0.0,0.0,0.0,0.0,0.0,0.0,0.0,0.0,0.0,0.0,0.0,0.0,0.0,0.0,1.0
65,0.035842293906810034,0.021505376344086023,0.5161290322580645,0.03225806451612903,0.0,0.0,0.035842293906810034,0.11827956989247312,0.0035842293906810036,0.02867383512544803,0.017921146953405017,0.06810035842293907,0.025089605734767026,0.0035842293906810036,0.025089605734767026,0.043010752688172046,0.025089605734767026
66,0.1712707182320442,0.0570902394106814,0.16574585635359115,0.022099447513812154,0.0,0.001841620626151013,0.13443830570902393,0.049723756906077346,0.009208103130755065,0.01841620626151013,0.027624309392265192,0.2265193370165746,0.049723756906077346,0.022099447513812154,0.011049723756906077,0.0,0.03314917127071823
67,0.0,0.0,0.0,0.0,0.0,0.0,0.0,0.0,0.0,0.0,0.0,0.0,0.0,0.0,0.0,0.0,1.0
68,0.0,0.0,0.0,0.0,0.0,0.0,0.0,0.0,0.0,0.0,0.0,0.0,0.0,0.0,0.0,0.0,1.0
69,0.10638297872340426,0.014184397163120567,0.475177304964539,0.014184397163120567,0.014184397163120567,0.0,0.07092198581560284,0.028368794326241134,0.0070921985815602835,0.028368794326241134,0.0070921985815602835,0.10638297872340426,0.05673758865248227,0.0,0.028368794326241134,0.0425531914893617,0.0
70,0.07792207792207792,0.012987012987012988,0.2077922077922078,0.05194805194805195,0.11688311688311688,0.012987012987012988,0.06493506493506493,0.06493506493506493,0.0,0.025974025974025976,0.0,0.15584415584415584,0.012987012987012988,0.012987012987012988,0.03896103896103896,0.11688311688311688,0.025974025974025976
71,0.0625,0.0125,0.6166666666666667,0.016666666666666666,0.004166666666666667,0.008333333333333333,0.0125,0.05416666666666667,0.004166666666666667,0.05,0.0,0.058333333333333334,0.0375,0.004166666666666667,0.008333333333333333,0.020833333333333332,0.029166666666666667
72,0.09090909090909091,0.0,0.0,0.045454545454545456,0.045454545454545456,0.0,0.045454545454545456,0.09090909090909091,0.0,0.0,0.045454545454545456,0.2727272727272727,0.09090909090909091,0.0,0.0,0.0,0.2727272727272727
73,0.0,0.0,0.23684210526315788,0.02631578947368421,0.0,0.02631578947368421,0.3157894736842105,0.02631578947368421,0.0,0.02631578947368421,0.0,0.23684210526315788,0.02631578947368421,0.02631578947368421,0.0,0.0,0.05263157894736842
74,0.02702702702702703,0.02702702702702703,0.02702702702702703,0.08108108108108109,0.13513513513513514,0.0,0.24324324324324326,0.0,0.0,0.02702702702702703,0.0,0.10810810810810811,0.05405405405405406,0.0,0.05405405405405406,0.0,0.21621621621621623
75,0.11666666666666667,0.03333333333333333,0.25,0.016666666666666666,0.0,0.0,0.15,0.11666666666666667,0.016666666666666666,0.05,0.0,0.18333333333333332,0.0,0.016666666666666666,0.016666666666666666,0.0,0.03333333333333333
76,0.05263157894736842,0.0,0.05263157894736842,0.10526315789473684,0.0,0.0,0.05263157894736842,0.0,0.0,0.0,0.0,0.05263157894736842,0.05263157894736842,0.10526315789473684,0.0,0.0,0.5263157894736842
77,0.05714285714285714,0.0,0.0,0.02857142857142857,0.0,0.0,0.02857142857142857,0.11428571428571428,0.0,0.02857142857142857,0.0,0.08571428571428572,0.05714285714285714,0.05714285714285714,0.0,0.0,0.5428571428571428
78,0.13636363636363635,0.0,0.18181818181818182,0.045454545454545456,0.0,0.0,0.13636363636363635,0.09090909090909091,0.13636363636363635,0.0,0.045454545454545456,0.045454545454545456,0.0,0.045454545454545456,0.0,0.045454545454545456,0.09090909090909091
79,0.07692307692307693,0.0,0.0,0.07692307692307693,0.0,0.15384615384615385,0.15384615384615385,0.07692307692307693,0.0,0.0,0.0,0.07692307692307693,0.0,0.0,0.0,0.0,0.38461538461538464
80,0.0,0.0,0.0,0.05555555555555555,0.0,0.0,0.1111111111111111,0.05555555555555555,0.0,0.05555555555555555,0.0,0.0,0.05555555555555555,0.05555555555555555,0.0,0.0,0.6111111111111112
81,0.0,0.0,0.0,0.0,0.0,0.0,0.0,0.0,0.0,0.0,0.0,0.0,0.0,0.0,0.0,0.0,1.0
82,0.2222222222222222,0.1111111111111111,0.1111111111111111,0.0,0.0,0.05555555555555555,0.16666666666666666,0.05555555555555555,0.0,0.0,0.05555555555555555,0.05555555555555555,0.05555555555555555,0.0,0.0,0.0,0.1111111111111111
83,0.05,0.05,0.0,0.1,0.0,0.0,0.15,0.2,0.0,0.0,0.0,0.0,0.0,0.0,0.0,0.0,0.45
84,0.058823529411764705,0.058823529411764705,0.17647058823529413,0.14705882352941177,0.029411764705882353,0.0,0.17647058823529413,0.11764705882352941,0.0,0.029411764705882353,0.0,0.11764705882352941,0.029411764705882353,0.0,0.0,0.0,0.058823529411764705
85,0.0,0.0,0.0,0.0,0.0,0.0,0.0,0.0,0.0,0.0,0.0,0.0,0.0,0.0,0.0,0.0,1.0
86,0.0,0.0,0.0,0.0,0.0,0.0,0.0,0.0,0.0,0.0,0.0,0.0,0.0,0.0,0.0,0.0,1.0
87,0.047619047619047616,0.047619047619047616,0.0,0.0,0.0,0.0,0.0,0.047619047619047616,0.0,0.0,0.0,0.047619047619047616,0.0,0.0,0.0,0.0,0.8095238095238095
88,0.10526315789473684,0.10526315789473684,0.15789473684210525,0.0,0.07894736842105263,0.02631578947368421,0.18421052631578946,0.07894736842105263,0.0,0.05263157894736842,0.0,0.10526315789473684,0.0,0.0,0.05263157894736842,0.0,0.05263157894736842
89,0.0,0.0,0.0,0.0,0.0,0.0,0.0,0.0,0.0,0.0,0.0,0.0,0.0,0.0,0.0,0.0,1.0
90,0.0,0.1111111111111111,0.2222222222222222,0.0,0.0,0.0,0.2222222222222222,0.1111111111111111,0.0,0.0,0.0,0.1111111111111111,0.0,0.0,0.0,0.0,0.2222222222222222
91,0.0,0.0,0.0,0.0,0.0,0.0,0.0,0.0,0.0,0.0,0.0,0.0,0.0,0.0,0.0,0.0,1.0
92,0.0,0.0,0.0,0.0,0.0,0.0,0.0,0.0,0.0,0.0,0.0,0.0,0.0,0.0,0.0,0.0,1.0
93,0.0410958904109589,0.02054794520547945,0.6506849315068494,0.00684931506849315,0.0,0.0,0.03424657534246575,0.02054794520547945,0.0,0.0136986301369863,0.0,0.06164383561643835,0.06164383561643835,0.0,0.0,0.0410958904109589,0.04794520547945205
94,0.030303030303030304,0.06060606060606061,0.030303030303030304,0.12121212121212122,0.0,0.030303030303030304,0.15151515151515152,0.09090909090909091,0.0,0.06060606060606061,0.0,0.030303030303030304,0.0,0.06060606060606061,0.0,0.0,0.3333333333333333
95,0.0,0.0,0.0,0.0,0.0,0.0,0.0,0.0,0.0,0.0,0.0,0.0,0.0,0.0,0.0,0.0,1.0
96,0.0,0.0,0.0,0.0,0.0,0.0,0.0,0.0,0.0,0.0,0.0,0.0,0.0,0.0,0.0,0.0,1.0
97,0.09090909090909091,0.0,0.09090909090909091,0.0,0.0,0.09090909090909091,0.18181818181818182,0.09090909090909091,0.09090909090909091,0.0,0.0,0.0,0.09090909090909091,0.0,0.09090909090909091,0.0,0.18181818181818182
98,0.036011080332409975,0.0221606648199446,0.6426592797783933,0.019390581717451522,0.0,0.002770083102493075,0.019390581717451522,0.0332409972299169,0.00554016620498615,0.030470914127423823,0.0,0.04709141274238227,0.0332409972299169,0.0110803324099723,0.0110803324099723,0.0664819944598338,0.019390581717451522
99,0.16666666666666666,0.07142857142857142,0.3333333333333333,0.047619047619047616,0.0,0.0,0.047619047619047616,0.047619047619047616,0.0,0.023809523809523808,0.023809523809523808,0.047619047619047616,0.0,0.023809523809523808,0.16666666666666666,0.0,0.0
100,0.05,0.0,0.2,0.2,0.0,0.0,0.1,0.05,0.05,0.0,0.05,0.0,0.05,0.1,0.0,0.05,0.1
101,0.0,0.0,0.19230769230769232,0.0,0.11538461538461539,0.0,0.2692307692307692,0.19230769230769232,0.0,0.038461538461538464,0.0,0.07692307692307693,0.0,0.0,0.038461538461538464,0.0,0.07692307692307693
102,0.0,0.0,0.0,0.0,0.0,0.0,0.0,0.0,0.0,0.0,0.0,0.0,0.0,0.0,0.0,0.0,1.0
103,0.0,0.0,0.09090909090909091,0.0,0.045454545454545456,0.0,0.13636363636363635,0.09090909090909091,0.0,0.22727272727272727,0.0,0.0,0.0,0.0,0.045454545454545456,0.0,0.36363636363636365
104,0.0,0.0,0.0,0.0,0.0,0.0,0.0,0.0,0.0,0.0,0.0,0.0,0.0,0.0,0.0,0.0,1.0
105,0.0,0.0,0.1,0.0,0.0,0.0,0.0,0.0,0.0,0.0,0.0,0.2,0.0,0.0,0.0,0.1,0.6
106,0.0,0.0,0.0,0.0,0.0,0.0,0.0,0.0,0.0,0.0,0.0,0.0,0.0,0.0,0.0,0.0,1.0
107,0.13253012048192772,0.024096385542168676,0.060240963855421686,0.012048192771084338,0.0,0.03614457831325301,0.012048192771084338,0.24096385542168675,0.0,0.024096385542168676,0.012048192771084338,0.0963855421686747,0.07228915662650602,0.0,0.024096385542168676,0.024096385542168676,0.2289156626506024
108,0.125,0.0,0.0,0.125,0.0,0.0,0.0,0.0,0.0,0.0,0.0,0.0625,0.0625,0.0,0.0,0.0,0.625
109,0.06896551724137931,0.034482758620689655,0.034482758620689655,0.034482758620689655,0.0,0.0,0.20689655172413793,0.1724137931034483,0.0,0.034482758620689655,0.0,0.034482758620689655,0.034482758620689655,0.0,0.034482758620689655,0.0,0.3103448275862069
110,0.0,0.0,0.0,0.0,0.0,0.0,0.0,0.0,0.0,0.0,0.0,0.0,0.0,0.0,0.0,0.0,1.0
111,0.0,0.0,0.0,0.0,0.0,0.0,0.0,0.0,0.0,0.0,0.0,0.0,0.0,0.0,0.0,0.0,1.0
112,0.0,0.0,0.0,0.0,0.0,0.0,0.2,0.4,0.0,0.0,0.0,0.1,0.0,0.0,0.0,0.0,0.3
113,0.07142857142857142,0.0,0.07142857142857142,0.0,0.07142857142857142,0.0,0.0,0.07142857142857142,0.07142857142857142,0.07142857142857142,0.0,0.0,0.0,0.0,0.0,0.0,0.5714285714285714
114,0.08333333333333333,0.0,0.0,0.0,0.08333333333333333,0.0,0.08333333333333333,0.0,0.0,0.08333333333333333,0.0,0.0,0.0,0.0,0.0,0.0,0.6666666666666666
115,0.0,0.0,0.0,0.037037037037037035,0.037037037037037035,0.0,0.07407407407407407,0.07407407407407407,0.0,0.0,0.0,0.07407407407407407,0.037037037037037035,0.0,0.0,0.0,0.6666666666666666
116,0.058823529411764705,0.08823529411764706,0.3235294117647059,0.0,0.0,0.0,0.08823529411764706,0.20588235294117646,0.0,0.029411764705882353,0.029411764705882353,0.0,0.0,0.08823529411764706,0.0,0.08823529411764706,0.0
117,0.0,0.0,0.4,0.0,0.0,0.0,0.0,0.1,0.2,0.2,0.0,0.1,0.0,0.0,0.0,0.0,0.0
118,0.0,0.0,0.41935483870967744,0.03225806451612903,0.0,0.0,0.0,0.16129032258064516,0.0,0.0,0.0,0.0,0.03225806451612903,0.06451612903225806,0.0,0.06451612903225806,0.22580645161290322
119,0.0,0.0,0.0,0.2,0.06666666666666667,0.0,0.0,0.0,0.0,0.0,0.0,0.06666666666666667,0.0,0.0,0.0,0.0,0.6666666666666666
120,0.1206896551724138,0.034482758620689655,0.13793103448275862,0.06896551724137931,0.22413793103448276,0.0,0.13793103448275862,0.017241379310344827,0.0,0.017241379310344827,0.0,0.06896551724137931,0.017241379310344827,0.0,0.017241379310344827,0.0,0.13793103448275862
121,0.03571428571428571,0.14285714285714285,0.0,0.07142857142857142,0.0,0.03571428571428571,0.14285714285714285,0.07142857142857142,0.0,0.07142857142857142,0.0,0.03571428571428571,0.0,0.0,0.0,0.0,0.39285714285714285
122,0.0,0.07692307692307693,0.23076923076923078,0.07692307692307693,0.0,0.0,0.07692307692307693,0.15384615384615385,0.0,0.0,0.0,0.15384615384615385,0.0,0.0,0.0,0.07692307692307693,0.15384615384615385
123,0.0,0.0,0.0,0.0,0.0,0.0,0.0,0.0,0.0,0.0,0.0,0.0,0.0,0.0,0.0,0.0,1.0
124,0.3333333333333333,0.0,0.3333333333333333,0.16666666666666666,0.0,0.16666666666666666,0.0,0.0,0.0,0.0,0.0,0.0,0.0,0.0,0.0,0.0,0.0
125,0.1,0.03333333333333333,0.0,0.03333333333333333,0.0,0.06666666666666667,0.03333333333333333,0.03333333333333333,0.06666666666666667,0.0,0.03333333333333333,0.03333333333333333,0.0,0.0,0.0,0.0,0.5666666666666667
126,0.17272727272727273,0.03636363636363636,0.1,0.00909090909090909,0.00909090909090909,0.01818181818181818,0.13636363636363635,0.10909090909090909,0.0,0.01818181818181818,0.0,0.17272727272727273,0.02727272727272727,0.00909090909090909,0.01818181818181818,0.0,0.16363636363636364
127,0.15702479338842976,0.03305785123966942,0.05785123966942149,0.024793388429752067,0.0,0.008264462809917356,0.14049586776859505,0.11570247933884298,0.0,0.049586776859504134,0.01652892561983471,0.09917355371900827,0.04132231404958678,0.008264462809917356,0.049586776859504134,0.18181818181818182,0.01652892561983471
128,0.0916030534351145,0.022900763358778626,0.06870229007633588,0.04580152671755725,0.030534351145038167,0.007633587786259542,0.16793893129770993,0.07633587786259542,0.030534351145038167,0.07633587786259542,0.007633587786259542,0.183206106870229,0.022900763358778626,0.015267175572519083,0.015267175572519083,0.0,0.13740458015267176
129,0.10526315789473684,0.017543859649122806,0.05263157894736842,0.0,0.017543859649122806,0.0,0.12280701754385964,0.07017543859649122,0.017543859649122806,0.03508771929824561,0.0,0.19298245614035087,0.017543859649122806,0.0,0.03508771929824561,0.0,0.3157894736842105
130,0.0,0.0,0.0,0.0,0.0,0.0,0.0,0.0,0.0,0.0,0.0,0.0,0.0,0.0,0.0,0.0,1.0
131,0.07453416149068323,0.018633540372670808,0.037267080745341616,0.22981366459627328,0.006211180124223602,0.0,0.2111801242236025,0.08695652173913043,0.0,0.018633540372670808,0.0,0.15527950310559005,0.055900621118012424,0.006211180124223602,0.031055900621118012,0.0,0.06832298136645963
132,0.07407407407407407,0.0,0.07407407407407407,0.0,0.0,0.037037037037037035,0.0,0.07407407407407407,0.0,0.0,0.0,0.037037037037037035,0.0,0.0,0.0,0.0,0.7037037037037037
133,0.1348314606741573,0.016853932584269662,0.1404494382022472,0.03932584269662921,0.06179775280898876,0.0,0.07303370786516854,0.0449438202247191,0.0056179775280898875,0.011235955056179775,0.011235955056179775,0.33707865168539325,0.06179775280898876,0.011235955056179775,0.016853932584269662,0.0,0.033707865168539325
134,0.0,0.0,0.0,0.0,0.0,0.0,0.0,0.0,0.0,0.0,0.0,0.0,0.0,0.0,0.0,0.0,1.0
135,0.08695652173913043,0.0,0.043478260869565216,0.043478260869565216,0.0,0.0,0.17391304347826086,0.0,0.0,0.0,0.0,0.0,0.0,0.043478260869565216,0.043478260869565216,0.0,0.5652173913043478
136,0.08450704225352113,0.056338028169014086,0.08450704225352113,0.028169014084507043,0.056338028169014086,0.014084507042253521,0.11267605633802817,0.04225352112676056,0.0,0.028169014084507043,0.0,0.15492957746478872,0.08450704225352113,0.0,0.0,0.0,0.2535211267605634
137,0.06060606060606061,0.09090909090909091,0.09090909090909091,0.06060606060606061,0.12121212121212122,0.0,0.09090909090909091,0.030303030303030304,0.0,0.030303030303030304,0.0,0.12121212121212122,0.0,0.0,0.06060606060606061,0.0,0.24242424242424243
138,0.18518518518518517,0.037037037037037035,0.0,0.037037037037037035,0.0,0.0,0.037037037037037035,0.07407407407407407,0.0,0.0,0.037037037037037035,0.0,0.0,0.0,0.0,0.0,0.5925925925925926
139,0.0,0.0,0.0,0.0,0.0,0.0,0.0,0.0,0.0,0.0,0.0,0.0,0.0,0.0,0.0,0.0,1.0
140,0.0,0.0,0.0,0.0,0.0,0.0,0.0,0.0,0.0,0.0,0.0,0.0,0.0,0.0,0.0,0.0,1.0
141,0.06451612903225806,0.043010752688172046,0.16129032258064516,0.010752688172043012,0.03225806451612903,0.0,0.10752688172043011,0.12903225806451613,0.0,0.010752688172043012,0.0,0.24731182795698925,0.0,0.0,0.0,0.0,0.1935483870967742
142,0.0,0.0,0.0,0.0,0.0,0.0,0.0,0.0,0.0,0.0,0.0,0.0,0.0,0.0,0.0,0.0,1.0
143,0.05263157894736842,0.010526315789473684,0.5052631578947369,0.010526315789473684,0.0,0.010526315789473684,0.06315789473684211,0.11578947368421053,0.010526315789473684,0.010526315789473684,0.0,0.07368421052631578,0.031578947368421054,0.021052631578947368,0.042105263157894736,0.042105263157894736,0.0
144,0.11956521739130435,0.06884057971014493,0.06159420289855073,0.014492753623188406,0.0,0.007246376811594203,0.13405797101449277,0.08695652173913043,0.007246376811594203,0.043478260869565216,0.014492753623188406,0.30434782608695654,0.04710144927536232,0.007246376811594203,0.014492753623188406,0.0036231884057971015,0.06521739130434782
145,0.09090909090909091,0.045454545454545456,0.045454545454545456,0.0,0.0,0.0,0.13636363636363635,0.13636363636363635,0.0,0.045454545454545456,0.0,0.09090909090909091,0.0,0.0,0.0,0.0,0.4090909090909091
146,0.0,0.0,0.0,0.0,0.0,0.0,0.0,0.0,0.0,0.0,0.0,0.0,0.0,0.0,0.0,0.0,1.0
147,0.06666666666666667,0.03333333333333333,0.06666666666666667,0.06666666666666667,0.016666666666666666,0.03333333333333333,0.18333333333333332,0.1,0.0,0.06666666666666667,0.0,0.13333333333333333,0.016666666666666666,0.0,0.03333333333333333,0.0,0.18333333333333332
148,0.10344827586206896,0.0,0.0,0.10344827586206896,0.0,0.0,0.20689655172413793,0.0,0.034482758620689655,0.0,0.0,0.034482758620689655,0.034482758620689655,0.034482758620689655,0.0,0.0,0.4482758620689655
149,0.11428571428571428,0.08571428571428572,0.0,0.0,0.0,0.0,0.08571428571428572,0.05714285714285714,0.0,0.02857142857142857,0.02857142857142857,0.11428571428571428,0.0,0.0,0.0,0.0,0.4857142857142857
150,0.047619047619047616,0.047619047619047616,0.047619047619047616,0.0,0.0,0.0,0.19047619047619047,0.09523809523809523,0.0,0.0,0.047619047619047616,0.09523809523809523,0.0,0.0,0.0,0.0,0.42857142857142855
151,0.07142857142857142,0.0,0.0,0.0,0.03571428571428571,0.0,0.03571428571428571,0.07142857142857142,0.0,0.03571428571428571,0.0,0.03571428571428571,0.0,0.0,0.0,0.03571428571428571,0.6785714285714286
152,0.07692307692307693,0.07692307692307693,0.038461538461538464,0.0,0.0,0.0,0.15384615384615385,0.038461538461538464,0.0,0.07692307692307693,0.0,0.038461538461538464,0.038461538461538464,0.038461538461538464,0.0,0.0,0.4230769230769231
153,0.03571428571428571,0.0,0.5535714285714286,0.017857142857142856,0.0,0.0,0.03571428571428571,0.14285714285714285,0.0,0.017857142857142856,0.0,0.0,0.05357142857142857,0.017857142857142856,0.0,0.0,0.125
154,0.05952380952380952,0.023809523809523808,0.07142857142857142,0.16666666666666666,0.0,0.0,0.19047619047619047,0.07142857142857142,0.011904761904761904,0.023809523809523808,0.011904761904761904,0.15476190476190477,0.07142857142857142,0.0,0.011904761904761904,0.0,0.13095238095238096
155,0.13872832369942195,0.017341040462427744,0.13872832369942195,0.27167630057803466,0.057803468208092484,0.0,0.08670520231213873,0.023121387283236993,0.005780346820809248,0.011560693641618497,0.0,0.10404624277456648,0.057803468208092484,0.011560693641618497,0.011560693641618497,0.005780346820809248,0.057803468208092484
156,0.07575757575757576,0.030303030303030304,0.030303030303030304,0.30303030303030304,0.0,0.0,0.16666666666666666,0.12121212121212122,0.0,0.015151515151515152,0.0,0.06060606060606061,0.030303030303030304,0.0,0.015151515151515152,0.0,0.15151515151515152
157,0.0,0.0,0.08695652173913043,0.043478260869565216,0.08695652173913043,0.0,0.17391304347826086,0.08695652173913043,0.0,0.13043478260869565,0.0,0.043478260869565216,0.0,0.0,0.0,0.0,0.34782608695652173
158,0.11764705882352941,0.08823529411764706,0.2647058823529412,0.029411764705882353,0.0,0.0,0.11764705882352941,0.058823529411764705,0.0,0.029411764705882353,0.058823529411764705,0.14705882352941177,0.0,0.0,0.029411764705882353,0.0,0.058823529411764705
159,0.0,0.0,0.0,0.0,0.0,0.0,0.0,0.0,0.0,0.0,0.0,0.0,0.0,0.0,0.0,0.0,1.0
160,0.0,0.0,0.0,0.0,0.0,0.0,0.0,0.0,0.0,0.0,0.0,0.0,0.0,0.0,0.0,0.0,1.0
161,0.1,0.05,0.0,0.2,0.0,0.05,0.05,0.05,0.0,0.0,0.0,0.0,0.0,0.0,0.0,0.0,0.5
162,0.0635593220338983,0.012711864406779662,0.4872881355932203,0.0,0.0,0.0,0.046610169491525424,0.08898305084745763,0.0,0.012711864406779662,0.00847457627118644,0.059322033898305086,0.046610169491525424,0.01694915254237288,0.046610169491525424,0.11016949152542373,0.0
163,0.0,0.0,0.0,0.0,0.0,0.0,0.0,0.0,0.0,0.0,0.0,0.0,0.0,0.0,0.0,0.0,1.0
164,0.0,0.0,0.0,0.0,0.0,0.0,0.0,0.0,0.0,0.0,0.0,0.0,0.0,0.0,0.0,0.0,1.0
165,0.1,0.1,0.0,0.0,0.0,0.1,0.1,0.1,0.0,0.0,0.0,0.0,0.0,0.1,0.0,0.0,0.4
166,0.058823529411764705,0.0,0.0196078431372549,0.09803921568627451,0.0392156862745098,0.0196078431372549,0.0784313725490196,0.0392156862745098,0.0196078431372549,0.0196078431372549,0.0196078431372549,0.13725490196078433,0.0,0.0,0.09803921568627451,0.0,0.35294117647058826
167,0.1,0.2,0.0,0.0,0.0,0.05,0.15,0.05,0.05,0.0,0.05,0.1,0.05,0.0,0.0,0.0,0.2
168,0.07692307692307693,0.0,0.23076923076923078,0.0,0.0,0.0,0.07692307692307693,0.07692307692307693,0.0,0.0,0.0,0.15384615384615385,0.0,0.0,0.0,0.23076923076923078,0.15384615384615385
169,0.13333333333333333,0.0,0.0,0.0,0.0,0.0,0.0,0.0,0.0,0.0,0.06666666666666667,0.0,0.0,0.0,0.0,0.0,0.8
170,0.0,0.0,0.0,0.0,0.0,0.0,0.0,0.0,0.0,0.0,0.0,0.0,0.0,0.0,0.0,0.0,1.0
171,0.0,0.09523809523809523,0.19047619047619047,0.14285714285714285,0.0,0.0,0.19047619047619047,0.047619047619047616,0.0,0.09523809523809523,0.0,0.14285714285714285,0.0,0.0,0.0,0.0,0.09523809523809523
172,0.08203125,0.0078125,0.484375,0.0390625,0.04296875,0.0,0.04296875,0.05078125,0.015625,0.02734375,0.0,0.05859375,0.05078125,0.00390625,0.0390625,0.0546875,0.0
173,0.0,0.0,0.0,0.0,0.0,0.0,0.0,0.0,0.0,0.0,0.0,0.0,0.0,0.0,0.0,0.0,1.0
174,0.06666666666666667,0.0,0.0,0.06666666666666667,0.0,0.06666666666666667,0.13333333333333333,0.06666666666666667,0.0,0.0,0.0,0.0,0.0,0.0,0.0,0.0,0.6
175,0.1,0.05,0.25,0.05,0.0,0.0,0.1,0.0,0.0,0.05,0.05,0.2,0.0,0.05,0.0,0.0,0.1
176,0.08,0.02,0.42,0.02,0.0,0.0,0.08,0.08,0.0,0.02,0.0,0.12,0.04,0.02,0.06,0.04,0.0
177,0.10526315789473684,0.0,0.0,0.10526315789473684,0.10526315789473684,0.0,0.15789473684210525,0.0,0.0,0.0,0.0,0.10526315789473684,0.0,0.0,0.0,0.0,0.42105263157894735
178,0.09090909090909091,0.0,0.0,0.18181818181818182,0.0,0.0,0.045454545454545456,0.0,0.0,0.0,0.0,0.09090909090909091,0.13636363636363635,0.0,0.0,0.0,0.45454545454545453
179,0.14285714285714285,0.0,0.0,0.0,0.0,0.14285714285714285,0.07142857142857142,0.07142857142857142,0.0,0.0,0.0,0.07142857142857142,0.0,0.14285714285714285,0.0,0.0,0.35714285714285715
180,0.058823529411764705,0.0,0.0,0.058823529411764705,0.0,0.0,0.29411764705882354,0.08823529411764706,0.058823529411764705,0.0,0.0,0.0,0.0,0.0,0.0,0.058823529411764705,0.38235294117647056
181,0.0,0.0,0.0,0.0,0.0,0.0,0.0,0.0,0.0,0.0,0.0,0.0,0.0,0.0,0.0,0.0,1.0
182,0.0,0.0,0.0,0.0,0.0,0.0,0.0,0.0,0.0,0.0,0.0,0.0,0.0,0.0,0.0,0.0,1.0
183,0.0,0.08333333333333333,0.16666666666666666,0.08333333333333333,0.0,0.08333333333333333,0.16666666666666666,0.0,0.0,0.16666666666666666,0.0,0.0,0.08333333333333333,0.0,0.0,0.0,0.16666666666666666
184,0.13333333333333333,0.0,0.06666666666666667,0.0,0.0,0.0,0.06666666666666667,0.0,0.0,0.0,0.0,0.26666666666666666,0.06666666666666667,0.0,0.0,0.0,0.4
185,0.13636363636363635,0.045454545454545456,0.45454545454545453,0.09090909090909091,0.045454545454545456,0.045454545454545456,0.0,0.0,0.0,0.0,0.0,0.13636363636363635,0.0,0.0,0.0,0.045454545454545456,0.0
186,0.0,0.0,0.0,0.0,0.0,0.0,0.0,0.0,0.0,0.0,0.0,0.0,0.0,0.0,0.0,0.0,1.0
187,0.0,0.0967741935483871,0.0,0.03225806451612903,0.0,0.0,0.1935483870967742,0.0967741935483871,0.0,0.03225806451612903,0.03225806451612903,0.06451612903225806,0.0967741935483871,0.0,0.0,0.0,0.3548387096774194
188,0.0,0.05,0.0,0.05,0.0,0.0,0.15,0.05,0.0,0.0,0.05,0.05,0.05,0.0,0.0,0.0,0.55
189,0.18181818181818182,0.0,0.18181818181818182,0.09090909090909091,0.0,0.0,0.09090909090909091,0.0,0.09090909090909091,0.09090909090909091,0.0,0.0,0.0,0.0,0.0,0.09090909090909091,0.18181818181818182
190,0.10112359550561797,0.07865168539325842,0.20224719101123595,0.06179775280898876,0.0,0.011235955056179775,0.15730337078651685,0.06741573033707865,0.0,0.0056179775280898875,0.0,0.20786516853932585,0.056179775280898875,0.02247191011235955,0.0056179775280898875,0.011235955056179775,0.011235955056179775
191,0.0,0.1111111111111111,0.0,0.05555555555555555,0.0,0.05555555555555555,0.1111111111111111,0.05555555555555555,0.0,0.0,0.0,0.0,0.0,0.0,0.0,0.0,0.6111111111111112
192,0.08333333333333333,0.0,0.25,0.0,0.0,0.0,0.08333333333333333,0.0,0.0,0.0,0.0,0.0,0.0,0.0,0.0,0.0,0.5833333333333334
193,0.0,0.0,0.4,0.0,0.0,0.0,0.1,0.3,0.0,0.0,0.0,0.1,0.0,0.1,0.0,0.0,0.0
194,0.09523809523809523,0.047619047619047616,0.0,0.0,0.0,0.023809523809523808,0.047619047619047616,0.11904761904761904,0.0,0.023809523809523808,0.0,0.09523809523809523,0.07142857142857142,0.023809523809523808,0.0,0.0,0.4523809523809524
195,0.2,0.0,0.3,0.1,0.0,0.0,0.2,0.0,0.0,0.0,0.0,0.0,0.0,0.0,0.0,0.0,0.2
196,0.0,0.0,0.0,0.0,0.0,0.0,0.0,0.0,0.0,0.0,0.0,0.0,0.0,0.0,0.0,0.0,1.0
197,0.07142857142857142,0.0,0.21428571428571427,0.07142857142857142,0.07142857142857142,0.0,0.07142857142857142,0.14285714285714285,0.0,0.07142857142857142,0.0,0.07142857142857142,0.0,0.0,0.0,0.07142857142857142,0.14285714285714285
198,0.031746031746031744,0.06349206349206349,0.015873015873015872,0.14285714285714285,0.015873015873015872,0.0,0.047619047619047616,0.06349206349206349,0.0,0.09523809523809523,0.0,0.23809523809523808,0.0,0.0,0.0,0.0,0.2857142857142857
199,0.034482758620689655,0.034482758620689655,0.0,0.034482758620689655,0.034482758620689655,0.0,0.0,0.06896551724137931,0.0,0.0,0.0,0.10344827586206896,0.034482758620689655,0.0,0.0,0.0,0.6551724137931034
200,0.0,0.0,0.0,0.0,0.0,0.0,0.0,0.0,0.0,0.0,0.0,0.0,0.0,0.0,0.0,0.0,1.0
201,0.0,0.0,0.045454545454545456,0.09090909090909091,0.045454545454545456,0.0,0.13636363636363635,0.045454545454545456,0.045454545454545456,0.0,0.0,0.045454545454545456,0.0,0.0,0.045454545454545456,0.0,0.5
202,0.0,0.0,0.0,0.0,0.0,0.0,0.0,0.0,0.0,0.0,0.0,0.0,0.0,0.0,0.0,0.0,1.0
203,0.05405405405405406,0.0,0.0,0.13513513513513514,0.0,0.0,0.1891891891891892,0.02702702702702703,0.0,0.0,0.0,0.16216216216216217,0.13513513513513514,0.0,0.0,0.0,0.2972972972972973
204,0.13636363636363635,0.0,0.09090909090909091,0.09090909090909091,0.045454545454545456,0.0,0.13636363636363635,0.0,0.09090909090909091,0.045454545454545456,0.0,0.09090909090909091,0.0,0.0,0.0,0.18181818181818182,0.09090909090909091
205,0.0,0.058823529411764705,0.0,0.058823529411764705,0.0,0.058823529411764705,0.058823529411764705,0.058823529411764705,0.0,0.0,0.0,0.0,0.058823529411764705,0.0,0.0,0.0,0.6470588235294118
206,0.0,0.0,0.0,0.0,0.0,0.0,0.0,0.0,0.0,0.0,0.0,0.0,0.0,0.0,0.0,0.0,1.0
207,0.0,0.1111111111111111,0.0,0.0,0.1111111111111111,0.1111111111111111,0.0,0.0,0.0,0.0,0.0,0.1111111111111111,0.0,0.1111111111111111,0.0,0.0,0.4444444444444444
208,0.043478260869565216,0.0,0.0,0.0,0.0,0.0,0.21739130434782608,0.0,0.043478260869565216,0.043478260869565216,0.043478260869565216,0.0,0.0,0.0,0.0,0.043478260869565216,0.5652173913043478
209,0.2,0.03333333333333333,0.0,0.0,0.0,0.0,0.06666666666666667,0.13333333333333333,0.0,0.0,0.0,0.03333333333333333,0.0,0.0,0.0,0.0,0.5333333333333333
210,0.0,0.05,0.05,0.05,0.0,0.05,0.1,0.05,0.0,0.0,0.05,0.05,0.0,0.0,0.0,0.0,0.55
211,0.13636363636363635,0.0,0.0,0.045454545454545456,0.0,0.0,0.09090909090909091,0.0,0.0,0.0,0.0,0.0,0.0,0.0,0.0,0.0,0.7272727272727273
212,0.1,0.1,0.0,0.05,0.05,0.0,0.1,0.1,0.0,0.0,0.0,0.05,0.0,0.0,0.0,0.0,0.45
213,0.0963855421686747,0.08433734939759036,0.07228915662650602,0.060240963855421686,0.07228915662650602,0.0,0.060240963855421686,0.08433734939759036,0.0,0.024096385542168676,0.012048192771084338,0.14457831325301204,0.060240963855421686,0.0,0.012048192771084338,0.0,0.21686746987951808
214,0.03125,0.0,0.03125,0.09375,0.15625,0.0,0.125,0.125,0.0,0.0,0.0,0.125,0.03125,0.0,0.03125,0.0,0.25
215,0.0,0.0,0.0,0.0,0.0,0.0,0.0,0.0,0.0,0.0,0.0,0.0,0.0,0.0,0.0,0.0,1.0
216,0.08695652173913043,0.0,0.34782608695652173,0.0,0.0,0.043478260869565216,0.13043478260869565,0.0,0.0,0.0,0.0,0.0,0.08695652173913043,0.0,0.0,0.0,0.30434782608695654
217,0.045454545454545456,0.0,0.0,0.045454545454545456,0.0,0.0,0.18181818181818182,0.09090909090909091,0.0,0.0,0.0,0.0,0.0,0.045454545454545456,0.0,0.0,0.5909090909090909
218,0.0,0.0,0.0,0.0,0.0,0.0,0.11764705882352941,0.058823529411764705,0.0,0.0,0.0,0.0,0.0,0.058823529411764705,0.0,0.0,0.7647058823529411
219,0.0,0.0,0.0,0.0,0.0,0.0,0.0,0.0,0.0,0.0,0.0,0.0,0.0,0.0,0.0,0.0,1.0
220,0.13793103448275862,0.0,0.0,0.034482758620689655,0.20689655172413793,0.0,0.10344827586206896,0.06896551724137931,0.0,0.06896551724137931,0.0,0.06896551724137931,0.034482758620689655,0.0,0.0,0.0,0.27586206896551724
221,0.0,0.0,0.0,0.0,0.0,0.0,0.0,0.0,0.0,0.0,0.0,0.0,0.0,0.0,0.0,0.0,1.0
222,0.12264150943396226,0.11320754716981132,0.009433962264150943,0.009433962264150943,0.0,0.02830188679245283,0.08490566037735849,0.11320754716981132,0.018867924528301886,0.02830188679245283,0.018867924528301886,0.33962264150943394,0.02830188679245283,0.0,0.02830188679245283,0.0,0.05660377358490566
223,0.05333333333333334,0.013333333333333334,0.0,0.02666666666666667,0.0,0.28,0.04,0.21333333333333335,0.0,0.02666666666666667,0.0,0.17333333333333334,0.08,0.013333333333333334,0.013333333333333334,0.0,0.06666666666666667
224,0.10077519379844961,0.015503875968992248,0.06201550387596899,0.023255813953488372,0.0,0.05426356589147287,0.20155038759689922,0.05426356589147287,0.015503875968992248,0.015503875968992248,0.007751937984496124,0.2248062015503876,0.03875968992248062,0.03875968992248062,0.0,0.007751937984496124,0.13953488372093023
225,0.058823529411764705,0.058823529411764705,0.0,0.11764705882352941,0.0,0.0,0.058823529411764705,0.058823529411764705,0.0,0.0,0.0,0.058823529411764705,0.0,0.0,0.0,0.0,0.5882352941176471
226,0.1568627450980392,0.0196078431372549,0.0784313725490196,0.0,0.0196078431372549,0.0392156862745098,0.058823529411764705,0.0196078431372549,0.0,0.0196078431372549,0.0196078431372549,0.1568627450980392,0.0,0.0196078431372549,0.058823529411764705,0.0,0.3333333333333333
227,0.058333333333333334,0.06666666666666667,0.575,0.016666666666666666,0.008333333333333333,0.0,0.025,0.025,0.008333333333333333,0.025,0.008333333333333333,0.041666666666666664,0.058333333333333334,0.0,0.025,0.0,0.058333333333333334
228,0.046875,0.046875,0.0078125,0.03125,0.0,0.0078125,0.1484375,0.0625,0.046875,0.046875,0.015625,0.3203125,0.0390625,0.0234375,0.015625,0.0,0.140625
229,0.11538461538461539,0.05384615384615385,0.14615384615384616,0.038461538461538464,0.0,0.0,0.023076923076923078,0.09230769230769231,0.007692307692307693,0.007692307692307693,0.0,0.4076923076923077,0.038461538461538464,0.007692307692307693,0.015384615384615385,0.0,0.046153846153846156
230,0.08597285067873303,0.03167420814479638,0.5972850678733032,0.04072398190045249,0.0,0.0,0.03167420814479638,0.0,0.0,0.013574660633484163,0.0,0.12217194570135746,0.03167420814479638,0.0,0.013574660633484163,0.0,0.03167420814479638
231,0.05,0.06666666666666667,0.0,0.0,0.0,0.0,0.15,0.03333333333333333,0.0,0.05,0.06666666666666667,0.2,0.05,0.016666666666666666,0.016666666666666666,0.0,0.3
232,0.17777777777777778,0.03333333333333333,0.0,0.044444444444444446,0.0,0.011111111111111112,0.1,0.1111111111111111,0.011111111111111112,0.05555555555555555,0.0,0.2111111111111111,0.03333333333333333,0.022222222222222223,0.0,0.0,0.18888888888888888
233,0.22535211267605634,0.0,0.0,0.07042253521126761,0.0,0.04225352112676056,0.0,0.2676056338028169,0.014084507042253521,0.028169014084507043,0.0,0.056338028169014086,0.04225352112676056,0.014084507042253521,0.014084507042253521,0.0,0.22535211267605634
234,0.044444444444444446,0.08888888888888889,0.02962962962962963,0.007407407407407408,0.02962962962962963,0.022222222222222223,0.11851851851851852,0.1037037037037037,0.007407407407407408,0.022222222222222223,0.0,0.2814814814814815,0.05925925925925926,0.014814814814814815,0.037037037037037035,0.0,0.13333333333333333
235,0.0,0.0,0.0,0.1388888888888889,0.0,0.0,0.2777777777777778,0.05555555555555555,0.0,0.027777777777777776,0.0,0.05555555555555555,0.08333333333333333,0.0,0.0,0.0,0.3611111111111111
236,0.10416666666666667,0.0,0.0,0.10416666666666667,0.020833333333333332,0.020833333333333332,0.16666666666666666,0.14583333333333334,0.020833333333333332,0.0,0.0,0.14583333333333334,0.020833333333333332,0.0625,0.0,0.0,0.1875
237,0.05555555555555555,0.1111111111111111,0.0,0.05555555555555555,0.0,0.05555555555555555,0.05555555555555555,0.1111111111111111,0.0,0.0,0.1111111111111111,0.05555555555555555,0.05555555555555555,0.05555555555555555,0.0,0.05555555555555555,0.2222222222222222
238,0.05,0.05,0.0,0.0,0.0,0.0,0.15,0.0,0.0,0.0,0.05,0.1,0.0,0.05,0.0,0.0,0.55
239,0.08018867924528301,0.0047169811320754715,0.014150943396226415,0.0,0.0,0.3584905660377358,0.03773584905660377,0.18867924528301888,0.0,0.03773584905660377,0.0,0.17452830188679244,0.08018867924528301,0.0,0.0,0.0,0.02358490566037736
240,0.041884816753926704,0.02617801047120419,0.010471204188481676,0.015706806282722512,0.015706806282722512,0.020942408376963352,0.28272251308900526,0.07329842931937172,0.09424083769633508,0.041884816753926704,0.0,0.24083769633507854,0.031413612565445025,0.005235602094240838,0.005235602094240838,0.0,0.09424083769633508
241,0.15602836879432624,0.0070921985815602835,0.02127659574468085,0.0425531914893617,0.09219858156028368,0.014184397163120567,0.07801418439716312,0.1702127659574468,0.0,0.028368794326241134,0.0,0.20567375886524822,0.028368794326241134,0.0070921985815602835,0.014184397163120567,0.0,0.1347517730496454
242,0.17955801104972377,0.0856353591160221,0.022099447513812154,0.03038674033149171,0.0,0.016574585635359115,0.10497237569060773,0.1464088397790055,0.0027624309392265192,0.03314917127071823,0.0055248618784530384,0.23480662983425415,0.06353591160220995,0.016574585635359115,0.011049723756906077,0.0,0.04696132596685083
243,0.11538461538461539,0.009615384615384616,0.009615384615384616,0.028846153846153848,0.009615384615384616,0.07692307692307693,0.3269230769230769,0.019230769230769232,0.0,0.038461538461538464,0.0,0.15384615384615385,0.057692307692307696,0.038461538461538464,0.009615384615384616,0.0,0.10576923076923077
244,0.0625,0.03125,0.0,0.015625,0.0,0.078125,0.109375,0.125,0.0,0.046875,0.0,0.203125,0.046875,0.0,0.0,0.0,0.28125
245,0.10752688172043011,0.0,0.15053763440860216,0.0,0.0,0.0,0.21505376344086022,0.06451612903225806,0.0,0.0,0.0,0.23655913978494625,0.010752688172043012,0.021505376344086023,0.0,0.0,0.1935483870967742
246,0.0915032679738562,0.08496732026143791,0.0,0.0718954248366013,0.013071895424836602,0.006535947712418301,0.1111111111111111,0.08496732026143791,0.0784313725490196,0.032679738562091505,0.0,0.27450980392156865,0.032679738562091505,0.0,0.0,0.0,0.11764705882352941
247,0.11827956989247312,0.06451612903225806,0.07526881720430108,0.0,0.0,0.21505376344086022,0.021505376344086023,0.08602150537634409,0.0,0.043010752688172046,0.010752688172043012,0.1935483870967742,0.08602150537634409,0.010752688172043012,0.021505376344086023,0.0,0.053763440860215055
248,0.1276595744680851,0.06382978723404255,0.0,0.010638297872340425,0.0,0.07446808510638298,0.06382978723404255,0.09574468085106383,0.0,0.010638297872340425,0.010638297872340425,0.35106382978723405,0.06382978723404255,0.0425531914893617,0.02127659574468085,0.0,0.06382978723404255
249,0.0,0.0,0.0,0.0,0.07692307692307693,0.07692307692307693,0.07692307692307693,0.23076923076923078,0.0,0.07692307692307693,0.0,0.07692307692307693,0.07692307692307693,0.0,0.07692307692307693,0.0,0.23076923076923078
250,0.0851063829787234,0.02127659574468085,0.010638297872340425,0.0851063829787234,0.0,0.1595744680851064,0.06382978723404255,0.35106382978723405,0.031914893617021274,0.02127659574468085,0.0,0.11702127659574468,0.02127659574468085,0.0,0.0,0.0,0.031914893617021274
251,0.13896457765667575,0.01634877384196185,0.02997275204359673,0.021798365122615803,0.0,0.013623978201634877,0.17983651226158037,0.09264305177111716,0.008174386920980926,0.0,0.0326975476839237,0.34877384196185285,0.02997275204359673,0.021798365122615803,0.010899182561307902,0.005449591280653951,0.04904632152588556
252,0.05,0.1,0.0,0.05,0.0,0.0,0.15,0.05,0.0,0.0,0.0,0.05,0.0,0.0,0.0,0.0,0.55
253,0.05,0.075,0.025,0.075,0.0,0.025,0.175,0.05,0.0,0.0,0.075,0.125,0.0,0.025,0.025,0.0,0.275
254,0.06382978723404255,0.10638297872340426,0.02127659574468085,0.02127659574468085,0.0,0.02127659574468085,0.0851063829787234,0.02127659574468085,0.0,0.06382978723404255,0.0,0.1702127659574468,0.02127659574468085,0.02127659574468085,0.0,0.0,0.3829787234042553
255,0.17478510028653296,0.11461318051575932,0.02005730659025788,0.07449856733524356,0.0,0.045845272206303724,0.09455587392550144,0.10028653295128939,0.0,0.017191977077363897,0.0057306590257879654,0.22922636103151864,0.045845272206303724,0.011461318051575931,0.014326647564469915,0.0028653295128939827,0.04871060171919771
256,0.08053691275167785,0.087248322147651,0.020134228187919462,0.10738255033557047,0.0,0.026845637583892617,0.12751677852348994,0.11409395973154363,0.0,0.006711409395973154,0.006711409395973154,0.2080536912751678,0.020134228187919462,0.020134228187919462,0.053691275167785234,0.0,0.12080536912751678
257,0.12285012285012285,0.019656019656019656,0.056511056511056514,0.022113022113022112,0.0,0.09336609336609336,0.0343980343980344,0.19164619164619165,0.002457002457002457,0.019656019656019656,0.0,0.23587223587223588,0.10073710073710074,0.03931203931203931,0.009828009828009828,0.004914004914004914,0.04668304668304668
258,0.043478260869565216,0.043478260869565216,0.0,0.08695652173913043,0.0,0.043478260869565216,0.17391304347826086,0.0,0.0,0.0,0.0,0.0,0.043478260869565216,0.0,0.0,0.0,0.5652173913043478
259,0.13675213675213677,0.03418803418803419,0.0,0.008547008547008548,0.0,0.017094017094017096,0.09401709401709402,0.1623931623931624,0.008547008547008548,0.10256410256410256,0.0,0.1111111111111111,0.1282051282051282,0.0,0.03418803418803419,0.0,0.1623931623931624
260,0.1694915254237288,0.11864406779661017,0.01694915254237288,0.05084745762711865,0.01694915254237288,0.01694915254237288,0.0,0.3728813559322034,0.0,0.03389830508474576,0.0,0.06779661016949153,0.05084745762711865,0.0,0.03389830508474576,0.0,0.05084745762711865
261,0.09448818897637795,0.14960629921259844,0.031496062992125984,0.0,0.0,0.0,0.07874015748031496,0.1889763779527559,0.0,0.007874015748031496,0.0,0.3464566929133858,0.047244094488188976,0.0,0.007874015748031496,0.0,0.047244094488188976
262,0.05333333333333334,0.013333333333333334,0.03333333333333333,0.15333333333333332,0.0,0.013333333333333334,0.08666666666666667,0.04666666666666667,0.0,0.02,0.006666666666666667,0.44,0.06666666666666667,0.013333333333333334,0.013333333333333334,0.0,0.04
263,0.15934065934065933,0.005494505494505495,0.054945054945054944,0.027472527472527472,0.0,0.0,0.3241758241758242,0.15384615384615385,0.01098901098901099,0.016483516483516484,0.005494505494505495,0.17032967032967034,0.016483516483516484,0.0,0.005494505494505495,0.0,0.04945054945054945
264,0.07692307692307693,0.09615384615384616,0.1346153846153846,0.15384615384615385,0.0,0.0,0.17307692307692307,0.038461538461538464,0.019230769230769232,0.019230769230769232,0.0,0.17307692307692307,0.057692307692307696,0.0,0.019230769230769232,0.0,0.038461538461538464
265,0.2553191489361702,0.0425531914893617,0.05319148936170213,0.031914893617021274,0.0,0.031914893617021274,0.11702127659574468,0.1276595744680851,0.0,0.010638297872340425,0.0,0.07446808510638298,0.02127659574468085,0.0425531914893617,0.02127659574468085,0.0,0.1702127659574468
266,0.033707865168539325,0.011235955056179775,0.02247191011235955,0.02247191011235955,0.0,0.0,0.33707865168539325,0.2247191011235955,0.0,0.0,0.07865168539325842,0.12359550561797752,0.011235955056179775,0.011235955056179775,0.02247191011235955,0.0,0.10112359550561797
267,0.08333333333333333,0.08333333333333333,0.027777777777777776,0.0,0.0,0.0,0.16666666666666666,0.09722222222222222,0.0,0.027777777777777776,0.027777777777777776,0.125,0.041666666666666664,0.0,0.041666666666666664,0.027777777777777776,0.25
268,0.15053763440860216,0.03494623655913978,0.03494623655913978,0.0456989247311828,0.002688172043010753,0.053763440860215055,0.10483870967741936,0.051075268817204304,0.002688172043010753,0.043010752688172046,0.002688172043010753,0.3467741935483871,0.07795698924731183,0.026881720430107527,0.005376344086021506,0.0,0.016129032258064516
269,0.0,0.0,0.0,0.0,0.0,0.0,0.0,0.0,0.0,0.0,0.0,0.0,0.0,0.0,0.0,0.0,1.0
270,0.0,0.0,0.0,0.0,0.0,0.0,0.0,0.0,0.0,0.0,0.0,0.0,0.0,0.0,0.0,0.0,1.0
271,0.125,0.0,0.0,0.03125,0.0,0.0625,0.046875,0.171875,0.046875,0.015625,0.0625,0.0625,0.078125,0.0,0.0,0.0,0.296875
272,0.09523809523809523,0.0,0.0,0.0,0.0,0.2619047619047619,0.047619047619047616,0.2619047619047619,0.0,0.023809523809523808,0.023809523809523808,0.09523809523809523,0.07142857142857142,0.0,0.0,0.0,0.11904761904761904
273,0.07462686567164178,0.0,0.44776119402985076,0.04477611940298507,0.0,0.014925373134328358,0.029850746268656716,0.16417910447761194,0.0,0.014925373134328358,0.0,0.04477611940298507,0.13432835820895522,0.0,0.014925373134328358,0.014925373134328358,0.0
274,0.08108108108108109,0.0,0.0,0.10810810810810811,0.0,0.0,0.1891891891891892,0.10810810810810811,0.05405405405405406,0.02702702702702703,0.0,0.05405405405405406,0.08108108108108109,0.0,0.0,0.0,0.2972972972972973
275,0.15789473684210525,0.05263157894736842,0.17105263157894737,0.013157894736842105,0.02631578947368421,0.0,0.09210526315789473,0.14473684210526316,0.039473684210526314,0.07894736842105263,0.02631578947368421,0.09210526315789473,0.07894736842105263,0.0,0.0,0.0,0.02631578947368421
276,0.05,0.016666666666666666,0.48333333333333334,0.03333333333333333,0.0,0.0,0.06666666666666667,0.06666666666666667,0.016666666666666666,0.0,0.0,0.06666666666666667,0.016666666666666666,0.0,0.05,0.016666666666666666,0.11666666666666667
277,0.02564102564102564,0.02564102564102564,0.41025641025641024,0.0,0.0,0.05128205128205128,0.05128205128205128,0.15384615384615385,0.0,0.0,0.02564102564102564,0.15384615384615385,0.02564102564102564,0.05128205128205128,0.02564102564102564,0.0,0.0
278,0.09375,0.03125,0.0,0.0,0.0,0.0625,0.0625,0.09375,0.0,0.0,0.0,0.125,0.0,0.0,0.0,0.0,0.53125
279,0.10344827586206896,0.08620689655172414,0.0,0.034482758620689655,0.0,0.017241379310344827,0.2413793103448276,0.22413793103448276,0.0,0.034482758620689655,0.017241379310344827,0.05172413793103448,0.034482758620689655,0.0,0.0,0.0,0.15517241379310345
280,0.09615384615384616,0.038461538461538464,0.34615384615384615,0.0,0.0,0.019230769230769232,0.15384615384615385,0.19230769230769232,0.019230769230769232,0.0,0.0,0.057692307692307696,0.0,0.057692307692307696,0.019230769230769232,0.0,0.0
281,0.0625,0.0625,0.0,0.0625,0.0,0.125,0.125,0.125,0.0,0.0,0.0,0.125,0.0,0.0,0.0,0.0,0.3125
282,0.1557377049180328,0.08196721311475409,0.08196721311475409,0.0,0.0,0.03278688524590164,0.05737704918032787,0.13934426229508196,0.0,0.08196721311475409,0.00819672131147541,0.11475409836065574,0.05737704918032787,0.00819672131147541,0.02459016393442623,0.0,0.1557377049180328
283,0.0,0.0,0.0,0.0,0.0,0.0,0.0,0.0,0.0,0.0,0.0,0.0,0.0,0.0,0.0,0.0,1.0
284,0.0,0.0,0.0,0.0,0.0,0.0,0.11764705882352941,0.0,0.0,0.0,0.058823529411764705,0.0,0.0,0.0,0.0,0.0,0.8235294117647058
285,0.03773584905660377,0.018867924528301886,0.0,0.03773584905660377,0.0,0.32075471698113206,0.018867924528301886,0.07547169811320754,0.018867924528301886,0.09433962264150944,0.0,0.20754716981132076,0.07547169811320754,0.0,0.0,0.0,0.09433962264150944
286,0.12169312169312169,0.031746031746031744,0.005291005291005291,0.021164021164021163,0.0,0.005291005291005291,0.10582010582010581,0.10582010582010581,0.0,0.037037037037037035,0.0,0.42328042328042326,0.06349206349206349,0.031746031746031744,0.015873015873015872,0.0,0.031746031746031744
287,0.0625,0.0,0.125,0.0,0.0,0.0,0.0625,0.0625,0.0,0.0,0.0,0.3125,0.0,0.0,0.0,0.0,0.375
288,0.05263157894736842,0.0,0.0,0.0,0.0,0.07894736842105263,0.0,0.10526315789473684,0.0,0.05263157894736842,0.0,0.13157894736842105,0.07894736842105263,0.0,0.0,0.0,0.5
289,0.11320754716981132,0.03773584905660377,0.018867924528301886,0.07547169811320754,0.0,0.0,0.11320754716981132,0.07547169811320754,0.0,0.07547169811320754,0.0,0.1320754716981132,0.0,0.018867924528301886,0.0,0.0,0.33962264150943394
290,0.058823529411764705,0.058823529411764705,0.0,0.11764705882352941,0.0,0.0,0.0,0.058823529411764705,0.0,0.0,0.0,0.0,0.11764705882352941,0.0,0.0,0.0,0.5882352941176471
291,0.0851063829787234,0.02127659574468085,0.0425531914893617,0.0,0.0,0.2765957446808511,0.0851063829787234,0.0851063829787234,0.0,0.0,0.0,0.1702127659574468,0.10638297872340426,0.02127659574468085,0.0,0.0,0.10638297872340426
292,0.1794871794871795,0.0,0.05128205128205128,0.07692307692307693,0.1794871794871795,0.02564102564102564,0.07692307692307693,0.05128205128205128,0.0,0.07692307692307693,0.0,0.07692307692307693,0.0,0.0,0.0,0.0,0.20512820512820512
293,0.0,0.0,0.0,0.0,0.0,0.0,0.0,0.0,0.0,0.0,0.0,0.0,0.0,0.0,0.0,0.0,1.0
294,0.0967741935483871,0.03225806451612903,0.03225806451612903,0.0,0.0,0.03225806451612903,0.0,0.0967741935483871,0.0,0.0,0.0,0.03225806451612903,0.06451612903225806,0.0,0.0,0.0,0.6129032258064516
295,0.02702702702702703,0.05405405405405406,0.02702702702702703,0.0,0.0,0.0,0.13513513513513514,0.05405405405405406,0.0,0.02702702702702703,0.0,0.4594594594594595,0.02702702702702703,0.0,0.02702702702702703,0.0,0.16216216216216217
296,0.07142857142857142,0.03571428571428571,0.0,0.0,0.0,0.0,0.2857142857142857,0.03571428571428571,0.0,0.0,0.0,0.0,0.07142857142857142,0.03571428571428571,0.0,0.0,0.4642857142857143
297,0.05128205128205128,0.02564102564102564,0.0,0.02564102564102564,0.0,0.0,0.20512820512820512,0.02564102564102564,0.0,0.23076923076923078,0.0,0.07692307692307693,0.02564102564102564,0.05128205128205128,0.0,0.0,0.28205128205128205
298,0.0,0.0,0.0,0.0,0.0,0.0,0.0,0.0,0.0,0.0,0.0,0.0,0.0,0.0,0.0,0.0,1.0
299,0.0,0.0,0.0,0.0,0.0,0.0,0.0,0.0,0.0,0.0,0.0,0.0,0.0,0.0,0.0,0.0,1.0
300,0.08778625954198473,0.04580152671755725,0.026717557251908396,0.011450381679389313,0.0,0.08015267175572519,0.06870229007633588,0.20610687022900764,0.015267175572519083,0.03435114503816794,0.007633587786259542,0.17938931297709923,0.08778625954198473,0.05725190839694656,0.019083969465648856,0.0,0.07251908396946564
301,0.12121212121212122,0.030303030303030304,0.010101010101010102,0.020202020202020204,0.0,0.0,0.010101010101010102,0.1414141414141414,0.0,0.030303030303030304,0.020202020202020204,0.47474747474747475,0.08080808080808081,0.0,0.0,0.0,0.06060606060606061
302,0.0,0.0,0.0,0.0,0.0,0.0,0.0,0.0,0.0,0.0,0.0,0.0,0.0,0.0,0.0,0.0,1.0
303,0.0,0.0,0.0,0.0,0.0,0.0,0.17647058823529413,0.058823529411764705,0.0,0.0,0.0,0.0,0.0,0.0,0.0,0.0,0.7647058823529411
304,0.13043478260869565,0.0,0.0,0.0,0.043478260869565216,0.0,0.0,0.0,0.043478260869565216,0.0,0.0,0.391304347826087,0.08695652173913043,0.043478260869565216,0.0,0.0,0.2608695652173913
305,0.05813953488372093,0.03488372093023256,0.05813953488372093,0.03488372093023256,0.0,0.05813953488372093,0.20930232558139536,0.12790697674418605,0.011627906976744186,0.09302325581395349,0.0,0.13953488372093023,0.023255813953488372,0.0,0.023255813953488372,0.0,0.12790697674418605
306,0.0,0.043478260869565216,0.043478260869565216,0.043478260869565216,0.0,0.0,0.17391304347826086,0.0,0.0,0.08695652173913043,0.0,0.0,0.0,0.043478260869565216,0.0,0.0,0.5652173913043478
307,0.15,0.0,0.0,0.05,0.0,0.025,0.05,0.125,0.0,0.0,0.0,0.125,0.025,0.0,0.0,0.025,0.425
308,0.09523809523809523,0.0,0.0,0.047619047619047616,0.0,0.0,0.0,0.09523809523809523,0.0,0.0,0.0,0.0,0.0,0.0,0.0,0.0,0.7619047619047619
309,0.0,0.0,0.0,0.0,0.0,0.0,0.0,0.0,0.0,0.0,0.0,0.0,0.0,0.0,0.0,0.0,1.0
310,0.0,0.0,0.0,0.0,0.0,0.0,0.0,0.0,0.0,0.0,0.0,0.0,0.0,0.0,0.0,0.0,1.0
311,0.0625,0.03125,0.0,0.0625,0.0,0.0625,0.03125,0.0625,0.0,0.0,0.0,0.0625,0.03125,0.0,0.0,0.0,0.59375
312,0.10138248847926268,0.03225806451612903,0.08294930875576037,0.004608294930875576,0.009216589861751152,0.018433179723502304,0.1152073732718894,0.0967741935483871,0.027649769585253458,0.027649769585253458,0.009216589861751152,0.2857142857142857,0.07373271889400922,0.027649769585253458,0.004608294930875576,0.0,0.08294930875576037
313,0.0,0.0,0.0,0.0,0.0,0.0,0.0,0.0,0.0,0.0,0.0,0.0,0.0,0.0,0.0,0.0,1.0
314,0.12195121951219512,0.04878048780487805,0.0,0.0,0.0,0.2682926829268293,0.17073170731707318,0.0975609756097561,0.0,0.0,0.024390243902439025,0.12195121951219512,0.024390243902439025,0.0,0.0,0.0,0.12195121951219512
315,0.08333333333333333,0.08333333333333333,0.0,0.08333333333333333,0.0,0.08333333333333333,0.0,0.25,0.0,0.0,0.0,0.0,0.08333333333333333,0.0,0.08333333333333333,0.0,0.25
316,0.0,0.0,0.0,0.0,0.0,0.0,0.0,0.0,0.0,0.0,0.0,0.0,0.0,0.0,0.0,0.0,1.0
317,0.10714285714285714,0.03571428571428571,0.017857142857142856,0.017857142857142856,0.0,0.07142857142857142,0.05357142857142857,0.05357142857142857,0.0,0.017857142857142856,0.0,0.4642857142857143,0.017857142857142856,0.03571428571428571,0.0,0.0,0.10714285714285714
318,0.0,0.1,0.0,0.05,0.0,0.05,0.15,0.05,0.0,0.0,0.0,0.0,0.05,0.0,0.0,0.0,0.55
319,0.18,0.06,0.02,0.01,0.0,0.02,0.04,0.21,0.0,0.04,0.0,0.16,0.05,0.01,0.01,0.0,0.19
320,0.0,0.0,0.0,0.0,0.0,0.0,0.0,0.0,0.0,0.0,0.0,0.0,0.0,0.0,0.0,0.0,1.0
321,0.10810810810810811,0.08108108108108109,0.08108108108108109,0.02702702702702703,0.0,0.0,0.02702702702702703,0.05405405405405406,0.0,0.0,0.02702702702702703,0.10810810810810811,0.0,0.0,0.0,0.02702702702702703,0.4594594594594595
322,0.16666666666666666,0.03333333333333333,0.0,0.03333333333333333,0.0,0.03333333333333333,0.0,0.0,0.0,0.0,0.0,0.1,0.03333333333333333,0.03333333333333333,0.0,0.0,0.5666666666666667
323,0.14,0.08,0.0,0.0,0.0,0.02,0.02,0.06,0.0,0.04,0.0,0.18,0.08,0.0,0.04,0.0,0.34
324,0.0,0.0,0.0,0.0,0.0,0.0,0.0,0.0,0.0,0.0,0.0,0.0,0.0,0.0,0.0,0.0,1.0
325,0.0,0.0,0.0,0.0,0.0,0.0,0.0,0.0,0.0,0.0,0.0,0.0,0.0,0.0,0.0,0.0,1.0
326,0.0392156862745098,0.0196078431372549,0.0392156862745098,0.0392156862745098,0.0,0.3137254901960784,0.0196078431372549,0.17647058823529413,0.0,0.0,0.0,0.21568627450980393,0.0196078431372549,0.0,0.0196078431372549,0.0,0.09803921568627451
327,0.0,0.0,0.0,0.2,0.1,0.0,0.1,0.05,0.0,0.05,0.0,0.0,0.0,0.0,0.0,0.0,0.5
328,0.14285714285714285,0.047619047619047616,0.0,0.047619047619047616,0.0,0.047619047619047616,0.09523809523809523,0.09523809523809523,0.0,0.047619047619047616,0.0,0.047619047619047616,0.0,0.0,0.0,0.0,0.42857142857142855
329,0.0,0.0,0.0,0.0,0.0,0.0,0.0,0.0,0.0,0.0,0.0,0.0,0.0,0.0,0.0,0.0,1.0
330,0.0,0.0,0.0,0.0,0.0,0.0,0.0,0.0,0.0,0.0,0.0,0.0,0.0,0.0,0.0,0.0,1.0
331,0.0,0.0,0.0,0.0,0.0,0.0,0.0,0.0,0.0,0.0,0.0,0.0,0.0,0.0,0.0,0.0,1.0
332,0.0,0.0,0.06666666666666667,0.0,0.0,0.0,0.13333333333333333,0.13333333333333333,0.0,0.06666666666666667,0.0,0.0,0.0,0.0,0.0,0.0,0.6
333,0.0,0.0,0.0,0.0,0.0,0.0,0.0,0.0,0.0,0.0,0.0,0.0,0.0,0.0,0.0,0.0,1.0
334,0.0,0.0,0.0,0.0,0.0,0.0,0.0,0.0,0.0,0.0,0.0,0.0,0.0,0.0,0.0,0.0,1.0
335,0.0,0.0,0.0,0.0,0.0,0.0,0.0,0.041666666666666664,0.041666666666666664,0.041666666666666664,0.0,0.041666666666666664,0.041666666666666664,0.0,0.0,0.0,0.7916666666666666
336,0.12,0.0,0.0,0.08,0.0,0.36,0.08,0.0,0.0,0.0,0.0,0.04,0.04,0.08,0.0,0.0,0.2
337,0.0,0.0,0.0,0.0,0.0,0.0,0.0,0.0,0.0,0.0,0.0,0.0,0.0,0.0,0.0,0.0,1.0
338,0.23404255319148937,0.02127659574468085,0.02127659574468085,0.0425531914893617,0.0,0.02127659574468085,0.0,0.0851063829787234,0.0,0.0425531914893617,0.0,0.0851063829787234,0.0425531914893617,0.0425531914893617,0.02127659574468085,0.0,0.3404255319148936
339,0.0,0.0,0.0,0.0,0.0,0.0,0.0,0.0,0.0,0.0,0.0,0.0,0.0,0.0,0.0,0.0,1.0
340,0.125,0.0,0.0,0.0,0.0,0.0,0.125,0.25,0.0,0.125,0.0,0.0,0.0,0.0,0.0,0.0,0.375
341,0.08333333333333333,0.25,0.0,0.0,0.0,0.08333333333333333,0.08333333333333333,0.0,0.0,0.0,0.0,0.08333333333333333,0.08333333333333333,0.0,0.0,0.0,0.3333333333333333
342,0.2191780821917808,0.0,0.0136986301369863,0.0136986301369863,0.0,0.0684931506849315,0.0547945205479452,0.136986301369863,0.0,0.0410958904109589,0.0,0.2054794520547945,0.0136986301369863,0.0,0.0,0.0,0.2328767123287671
343,0.0,0.16666666666666666,0.0,0.0,0.0,0.0,0.0,0.0,0.0,0.0,0.0,0.0,0.0,0.16666666666666666,0.0,0.0,0.6666666666666666
344,0.0,0.0,0.0,0.0,0.0,0.0,0.0,0.0,0.0,0.0,0.0,0.0,0.0,0.0,0.0,0.0,1.0
345,0.0,0.0,0.0,0.0,0.0,0.0,0.0,0.0,0.0,0.0,0.0,0.0,0.0,0.0,0.0,0.0,1.0
346,0.0,0.0,0.0,0.0,0.0,0.0,0.0,0.0,0.0,0.0,0.0,0.0,0.0,0.0,0.0,0.0,1.0
347,0.02702702702702703,0.0,0.02702702702702703,0.02702702702702703,0.0,0.35135135135135137,0.13513513513513514,0.13513513513513514,0.0,0.0,0.0,0.13513513513513514,0.02702702702702703,0.0,0.0,0.0,0.13513513513513514
348,0.4880952380952381,0.017857142857142856,0.13690476190476192,0.011904761904761904,0.0,0.0,0.005952380952380952,0.041666666666666664,0.0,0.047619047619047616,0.0,0.1130952380952381,0.011904761904761904,0.005952380952380952,0.017857142857142856,0.005952380952380952,0.09523809523809523
349,0.0,0.0,0.0,0.0,0.0,0.0,0.0,0.0,0.0,0.0,0.0,0.0,0.0,0.0,0.0,0.0,1.0
350,0.09313725490196079,0.06862745098039216,0.04411764705882353,0.029411764705882353,0.0,0.0392156862745098,0.10784313725490197,0.11764705882352941,0.004901960784313725,0.06372549019607843,0.00980392156862745,0.2647058823529412,0.03431372549019608,0.014705882352941176,0.0196078431372549,0.0,0.08823529411764706
351,0.0,0.0,0.0,0.16666666666666666,0.0,0.0,0.08333333333333333,0.25,0.08333333333333333,0.08333333333333333,0.0,0.0,0.0,0.08333333333333333,0.0,0.0,0.25
352,0.0,0.0,0.0,0.0,0.0,0.0,0.0625,0.0,0.0,0.0,0.0625,0.0,0.0,0.0,0.0,0.0,0.875
353,0.0,0.125,0.25,0.0,0.0,0.0,0.25,0.0,0.0,0.0,0.0,0.0,0.0,0.0,0.0,0.125,0.25
354,0.08,0.12,0.08,0.0,0.0,0.12,0.08,0.04,0.0,0.08,0.0,0.12,0.04,0.04,0.04,0.0,0.16
355,0.125,0.0,0.0,0.0625,0.0,0.0,0.125,0.0625,0.0,0.0,0.0,0.0,0.0625,0.0,0.0,0.0,0.5625
356,0.17543859649122806,0.0,0.0,0.03508771929824561,0.0,0.03508771929824561,0.24561403508771928,0.19298245614035087,0.0,0.017543859649122806,0.017543859649122806,0.10526315789473684,0.0,0.0,0.017543859649122806,0.0,0.15789473684210525
357,0.02564102564102564,0.0,0.5384615384615384,0.1282051282051282,0.0,0.0,0.0,0.07692307692307693,0.02564102564102564,0.0,0.0,0.02564102564102564,0.0,0.0,0.0,0.0,0.1794871794871795
358,0.08695652173913043,0.043478260869565216,0.0,0.0,0.0,0.043478260869565216,0.0,0.043478260869565216,0.0,0.0,0.0,0.043478260869565216,0.0,0.0,0.0,0.0,0.7391304347826086
359,0.06756756756756757,0.02702702702702703,0.02702702702702703,0.04054054054054054,0.0,0.25675675675675674,0.05405405405405406,0.10810810810810811,0.0,0.02702702702702703,0.0,0.24324324324324326,0.08108108108108109,0.0,0.0,0.0,0.06756756756756757
360,0.0,0.022727272727272728,0.022727272727272728,0.09090909090909091,0.0,0.09090909090909091,0.09090909090909091,0.09090909090909091,0.0,0.0,0.0,0.13636363636363635,0.022727272727272728,0.022727272727272728,0.0,0.0,0.4090909090909091
361,0.0,0.04,0.08,0.0,0.0,0.2,0.12,0.2,0.0,0.04,0.0,0.08,0.0,0.04,0.0,0.0,0.2
362,0.11392405063291139,0.06329113924050633,0.02531645569620253,0.0379746835443038,0.0,0.0,0.0,0.02531645569620253,0.0,0.0379746835443038,0.012658227848101266,0.5316455696202531,0.05063291139240506,0.012658227848101266,0.012658227848101266,0.0,0.0759493670886076
363,0.0,0.0,0.0,0.0,0.0,0.0,0.07692307692307693,0.07692307692307693,0.0,0.0,0.0,0.0,0.07692307692307693,0.0,0.07692307692307693,0.0,0.6923076923076923
364,0.13580246913580246,0.09053497942386832,0.04526748971193416,0.037037037037037035,0.0,0.012345679012345678,0.053497942386831275,0.18518518518518517,0.0,0.04938271604938271,0.00411522633744856,0.20987654320987653,0.053497942386831275,0.012345679012345678,0.02880658436213992,0.00411522633744856,0.07818930041152264
365,0.0,0.0,0.0,0.0,0.0,0.0,0.0,0.0,0.0,0.0,0.0,0.0,0.0,0.0,0.0,0.0,1.0
366,0.1,0.0,0.0,0.0,0.0,0.1,0.15,0.15,0.0,0.0,0.0,0.0,0.05,0.0,0.0,0.0,0.45
367,0.0,0.0,0.0,0.0,0.0,0.0,0.0,0.0,0.0,0.058823529411764705,0.0,0.0,0.058823529411764705,0.0,0.0,0.0,0.8823529411764706
368,0.0,0.0,0.0,0.0,0.0,0.0,0.0,0.0,0.0,0.0,0.0,0.0,0.0,0.0,0.0,0.0,1.0
369,0.0273972602739726,0.0136986301369863,0.0136986301369863,0.0273972602739726,0.0,0.3287671232876712,0.0547945205479452,0.2328767123287671,0.0,0.0,0.0,0.1095890410958904,0.0273972602739726,0.0547945205479452,0.0410958904109589,0.0,0.0684931506849315
370,0.2,0.06666666666666667,0.2,0.06666666666666667,0.0,0.0,0.06666666666666667,0.06666666666666667,0.0,0.06666666666666667,0.0,0.06666666666666667,0.06666666666666667,0.0,0.0,0.0,0.13333333333333333
371,0.11627906976744186,0.13953488372093023,0.0,0.046511627906976744,0.0,0.0,0.20930232558139536,0.06976744186046512,0.0,0.06976744186046512,0.0,0.023255813953488372,0.06976744186046512,0.0,0.0,0.0,0.2558139534883721
372,0.10588235294117647,0.0,0.0058823529411764705,0.0058823529411764705,0.0,0.29411764705882354,0.10588235294117647,0.1588235294117647,0.0,0.029411764705882353,0.0058823529411764705,0.18823529411764706,0.041176470588235294,0.01764705882352941,0.011764705882352941,0.0,0.029411764705882353
373,0.0,0.0,0.0,0.0,0.0,0.0,0.0,0.0,0.0,0.0,0.0,0.0,0.0,0.0,0.0,0.0,1.0
374,0.0,0.0,0.0,0.0,0.0,0.0,0.0,0.0,0.0,0.0,0.0,0.0,0.0,0.0,0.0,0.0,1.0
375,0.07692307692307693,0.038461538461538464,0.038461538461538464,0.0,0.019230769230769232,0.019230769230769232,0.09615384615384616,0.057692307692307696,0.0,0.038461538461538464,0.0,0.46153846153846156,0.0,0.038461538461538464,0.0,0.0,0.11538461538461539
376,0.0,0.0,0.0,0.0,0.0,0.0,0.0,0.0,0.0,0.0,0.0,0.0,0.0,0.0,0.0,0.0,1.0
377,0.1111111111111111,0.0,0.0,0.0,0.0,0.2222222222222222,0.0,0.1111111111111111,0.0,0.0,0.0,0.0,0.0,0.0,0.0,0.0,0.5555555555555556
378,0.0,0.0,0.0,0.0,0.0,0.0,0.0,0.0,0.0,0.0,0.0,0.0,0.0,0.0,0.0,0.0,1.0
379,0.0,0.0,0.0,0.0,0.0,0.0,0.0,0.0,0.0,0.0,0.0,0.0,0.0,0.0,0.0,0.0,1.0
380,0.0,0.0,0.0,0.0,0.0,0.0,0.0,0.0,0.0,0.0,0.0,0.0,0.0,0.0,0.0,0.0,1.0
381,0.038461538461538464,0.0,0.0,0.038461538461538464,0.0,0.0,0.0,0.07692307692307693,0.0,0.038461538461538464,0.0,0.07692307692307693,0.0,0.0,0.0,0.0,0.7307692307692307
382,0.0,0.0,0.0,0.0,0.0,0.0,0.0,0.0,0.0,0.0,0.0,0.0,0.0,0.0,0.0,0.0,1.0
383,0.16091954022988506,0.011494252873563218,0.0,0.034482758620689655,0.011494252873563218,0.25287356321839083,0.034482758620689655,0.09195402298850575,0.011494252873563218,0.022988505747126436,0.011494252873563218,0.19540229885057472,0.09195402298850575,0.011494252873563218,0.0,0.0,0.05747126436781609
384,0.13392857142857142,0.05357142857142857,0.017857142857142856,0.026785714285714284,0.0,0.10714285714285714,0.044642857142857144,0.16071428571428573,0.0,0.026785714285714284,0.0,0.13392857142857142,0.08035714285714286,0.03571428571428571,0.008928571428571428,0.0,0.16964285714285715
385,0.0,0.0,0.0,0.0,0.0,0.0,0.0,0.0,0.0,0.0,0.0,0.0,0.0,0.0,0.0,0.0,1.0
386,0.0,0.0,0.0,0.0,0.0,0.0,0.0,0.0,0.0,0.0,0.0,0.0,0.0,0.0,0.0,0.0,1.0
387,0.0,0.0,0.0625,0.0625,0.0,0.0,0.0,0.09375,0.0,0.03125,0.0,0.0625,0.0625,0.03125,0.0,0.0,0.59375
388,0.1111111111111111,0.1111111111111111,0.0,0.1111111111111111,0.0,0.0,0.0,0.3333333333333333,0.0,0.0,0.0,0.0,0.0,0.0,0.0,0.0,0.3333333333333333
389,0.023809523809523808,0.023809523809523808,0.09523809523809523,0.023809523809523808,0.023809523809523808,0.0,0.09523809523809523,0.0,0.023809523809523808,0.0,0.023809523809523808,0.19047619047619047,0.023809523809523808,0.023809523809523808,0.0,0.0,0.42857142857142855
390,0.0,0.0,0.0,0.0,0.0,0.0,0.0,0.0,0.0,0.0,0.0,0.0,0.0,0.0,0.0,0.0,1.0
391,0.0,0.0,0.0,0.0,0.0,0.0,0.0,0.0,0.0,0.0,0.0,0.0,0.0,0.0,0.0,0.0,1.0
392,0.06976744186046512,0.09302325581395349,0.0,0.023255813953488372,0.0,0.023255813953488372,0.27906976744186046,0.046511627906976744,0.023255813953488372,0.0,0.0,0.11627906976744186,0.046511627906976744,0.023255813953488372,0.0,0.0,0.2558139534883721
393,0.0,0.0,0.0,0.0,0.0,0.0,0.0,0.0,0.0,0.0,0.0,0.0,0.0,0.0,0.0,0.0,1.0
394,0.13043478260869565,0.043478260869565216,0.43478260869565216,0.0,0.0,0.0,0.043478260869565216,0.043478260869565216,0.0,0.043478260869565216,0.043478260869565216,0.13043478260869565,0.0,0.0,0.0,0.08695652173913043,0.0
395,0.08196721311475409,0.0,0.11475409836065574,0.040983606557377046,0.0,0.2540983606557377,0.00819672131147541,0.20491803278688525,0.02459016393442623,0.08196721311475409,0.00819672131147541,0.09836065573770492,0.02459016393442623,0.01639344262295082,0.0,0.0,0.040983606557377046
396,0.1875,0.0625,0.0,0.09375,0.0,0.0,0.03125,0.09375,0.0,0.0,0.0,0.3125,0.03125,0.0,0.0,0.0,0.1875
397,0.0,0.0,0.0,0.0,0.0,0.0,0.0,0.0,0.0,0.0,0.0,0.0,0.0,0.0,0.0,0.0,1.0
398,0.10810810810810811,0.05405405405405406,0.05405405405405406,0.02702702702702703,0.0,0.05405405405405406,0.1891891891891892,0.13513513513513514,0.02702702702702703,0.02702702702702703,0.0,0.05405405405405406,0.02702702702702703,0.0,0.0,0.0,0.24324324324324326
399,0.14285714285714285,0.06493506493506493,0.05194805194805195,0.025974025974025976,0.0,0.03896103896103896,0.11688311688311688,0.11688311688311688,0.012987012987012988,0.05194805194805195,0.0,0.05194805194805195,0.07792207792207792,0.0,0.0,0.0,0.24675324675324675
400,0.05263157894736842,0.0,0.0,0.0,0.0,0.05263157894736842,0.15789473684210525,0.05263157894736842,0.0,0.0,0.0,0.0,0.0,0.0,0.0,0.0,0.6842105263157895
401,0.03125,0.0,0.03125,0.0,0.0,0.0,0.09375,0.09375,0.0,0.03125,0.0,0.09375,0.03125,0.0,0.03125,0.0,0.5625
402,0.2,0.014285714285714285,0.05714285714285714,0.0,0.07142857142857142,0.0,0.08571428571428572,0.08571428571428572,0.014285714285714285,0.0,0.02857142857142857,0.1,0.07142857142857142,0.02857142857142857,0.0,0.0,0.24285714285714285
403,0.058823529411764705,0.029411764705882353,0.0,0.058823529411764705,0.0,0.0,0.058823529411764705,0.17647058823529413,0.0,0.029411764705882353,0.0,0.35294117647058826,0.058823529411764705,0.0,0.0,0.0,0.17647058823529413
404,0.07142857142857142,0.07142857142857142,0.5,0.07142857142857142,0.0,0.0,0.0,0.14285714285714285,0.0,0.0,0.0,0.14285714285714285,0.0,0.0,0.0,0.0,0.0
405,0.0,0.0,0.0,0.0,0.0,0.0,0.0,0.0,0.0,0.0,0.0,0.0,0.0,0.0,0.0,0.0,1.0
406,0.0,0.0,0.0,0.0,0.0,0.0,0.0,0.0,0.0,0.0,0.0,0.0,0.0,0.0,0.0,0.0,1.0
407,0.12727272727272726,0.0,0.0,0.01818181818181818,0.0,0.12727272727272726,0.01818181818181818,0.12727272727272726,0.0,0.0,0.0,0.14545454545454545,0.05454545454545454,0.03636363636363636,0.0,0.0,0.34545454545454546
408,0.03333333333333333,0.06666666666666667,0.0,0.03333333333333333,0.0,0.16666666666666666,0.1,0.06666666666666667,0.06666666666666667,0.1,0.1,0.06666666666666667,0.0,0.03333333333333333,0.0,0.0,0.16666666666666666
409,0.0,0.0,0.0,0.0,0.0,0.0,0.0,0.0,0.0,0.0,0.0,0.0,0.0,0.0,0.0,0.0,1.0
410,0.1,0.025,0.0,0.025,0.025,0.0,0.025,0.05,0.0,0.075,0.0,0.125,0.05,0.0,0.075,0.0,0.425
411,0.041666666666666664,0.08333333333333333,0.0,0.041666666666666664,0.0,0.0,0.25,0.041666666666666664,0.0,0.0,0.0,0.0,0.0,0.0,0.0,0.0,0.5416666666666666
412,0.0,0.0,0.0,0.0,0.0,0.0,0.0,0.0,0.0,0.0,0.0,0.0,0.0,0.0,0.0,0.0,1.0
413,0.0,0.0,0.0,0.0,0.0,0.0,0.0,0.0,0.0,0.0,0.0,0.0,0.0,0.0,0.0,0.0,1.0
414,0.0,0.0,0.0,0.0,0.0,0.0,0.0,0.0,0.0,0.0,0.0,0.0,0.0,0.0,0.0,0.0,1.0
415,0.0,0.0,0.025,0.0,0.0,0.0,0.175,0.0,0.0,0.075,0.0,0.15,0.05,0.05,0.025,0.0,0.45
416,0.10526315789473684,0.05263157894736842,0.0,0.10526315789473684,0.0,0.0,0.10526315789473684,0.15789473684210525,0.0,0.0,0.0,0.0,0.0,0.0,0.0,0.0,0.47368421052631576
417,0.07692307692307693,0.0,0.0,0.038461538461538464,0.0,0.19230769230769232,0.07692307692307693,0.038461538461538464,0.0,0.0,0.038461538461538464,0.15384615384615385,0.15384615384615385,0.0,0.038461538461538464,0.0,0.19230769230769232
418,0.05555555555555555,0.05555555555555555,0.05555555555555555,0.0,0.0,0.0,0.1111111111111111,0.1111111111111111,0.0,0.1111111111111111,0.0,0.0,0.0,0.0,0.0,0.0,0.5
419,0.0,0.1,0.0,0.1,0.0,0.0,0.1,0.3,0.0,0.0,0.0,0.0,0.1,0.0,0.0,0.0,0.3
420,0.05263157894736842,0.05263157894736842,0.07894736842105263,0.0,0.0,0.05263157894736842,0.0,0.07894736842105263,0.0,0.02631578947368421,0.0,0.10526315789473684,0.05263157894736842,0.0,0.0,0.0,0.5
421,0.07272727272727272,0.09090909090909091,0.01818181818181818,0.01818181818181818,0.0,0.01818181818181818,0.09090909090909091,0.12727272727272726,0.01818181818181818,0.05454545454545454,0.0,0.14545454545454545,0.0,0.01818181818181818,0.0,0.0,0.32727272727272727
422,0.09090909090909091,0.07954545454545454,0.1590909090909091,0.056818181818181816,0.0,0.0,0.23863636363636365,0.056818181818181816,0.0,0.011363636363636364,0.022727272727272728,0.14772727272727273,0.056818181818181816,0.03409090909090909,0.022727272727272728,0.0,0.022727272727272728
423,0.15702479338842976,0.024793388429752067,0.024793388429752067,0.05785123966942149,0.03305785123966942,0.0,0.0743801652892562,0.09090909090909091,0.0,0.05785123966942149,0.008264462809917356,0.23140495867768596,0.049586776859504134,0.024793388429752067,0.024793388429752067,0.0,0.14049586776859505
424,0.1,0.0,0.05,0.15,0.0,0.05,0.1,0.0,0.0,0.05,0.0,0.0,0.0,0.0,0.0,0.0,0.5
425,0.05263157894736842,0.0,0.05263157894736842,0.0,0.0,0.0,0.15789473684210525,0.15789473684210525,0.0,0.05263157894736842,0.0,0.05263157894736842,0.0,0.0,0.0,0.0,0.47368421052631576
426,0.10726643598615918,0.03806228373702422,0.07958477508650519,0.03806228373702422,0.0034602076124567475,0.006920415224913495,0.12110726643598616,0.04844290657439446,0.0,0.020761245674740483,0.02422145328719723,0.3217993079584775,0.05190311418685121,0.006920415224913495,0.06920415224913495,0.0,0.06228373702422145
427,0.07142857142857142,0.0,0.0,0.0,0.0,0.0,0.07142857142857142,0.14285714285714285,0.07142857142857142,0.0,0.0,0.21428571428571427,0.0,0.0,0.0,0.0,0.42857142857142855
428,0.0,0.0,0.0,0.0,0.0,0.0,0.0,0.0,0.0,0.0,0.0,0.0,0.0,0.0,0.0,0.0,1.0
429,0.0,0.0,0.0,0.0,0.0,0.0,0.0,0.0,0.0,0.0,0.0,0.0,0.0,0.0,0.0,0.0,1.0
430,0.0,0.0,0.0,0.0,0.0,0.0,0.0,0.0,0.0,0.0,0.0,0.0,0.0,0.0,0.0,0.0,1.0
431,0.0,0.0,0.0,0.0,0.0,0.0,0.0,0.0,0.0,0.0,0.0,0.0,0.0,0.0,0.0,0.0,1.0
432,0.10752688172043011,0.06451612903225806,0.010752688172043012,0.03225806451612903,0.0,0.03225806451612903,0.053763440860215055,0.16129032258064516,0.0,0.07526881720430108,0.0,0.15053763440860216,0.06451612903225806,0.03225806451612903,0.010752688172043012,0.0,0.20430107526881722
433,0.1111111111111111,0.0,0.0,0.0,0.0,0.0,0.16666666666666666,0.05555555555555555,0.0,0.0,0.1111111111111111,0.05555555555555555,0.0,0.0,0.0,0.0,0.5
434,0.09195402298850575,0.04597701149425287,0.0,0.04597701149425287,0.0,0.04597701149425287,0.09195402298850575,0.14942528735632185,0.022988505747126436,0.10344827586206896,0.0,0.11494252873563218,0.05747126436781609,0.011494252873563218,0.0,0.0,0.21839080459770116
435,0.0,0.0,0.0,0.12,0.0,0.0,0.24,0.2,0.0,0.0,0.0,0.08,0.0,0.0,0.0,0.0,0.36
436,0.038461538461538464,0.07692307692307693,0.23076923076923078,0.0,0.0,0.0,0.23076923076923078,0.15384615384615385,0.07692307692307693,0.0,0.0,0.11538461538461539,0.0,0.0,0.0,0.0,0.07692307692307693
437,0.1724137931034483,0.034482758620689655,0.034482758620689655,0.034482758620689655,0.0,0.0,0.034482758620689655,0.10344827586206896,0.0,0.034482758620689655,0.0,0.0,0.0,0.0,0.0,0.0,0.5517241379310345
438,0.1111111111111111,0.0,0.0,0.037037037037037035,0.0,0.0,0.0,0.07407407407407407,0.0,0.0,0.0,0.07407407407407407,0.037037037037037035,0.0,0.037037037037037035,0.0,0.6296296296296297
